[0.000000] (-) TimerEvent: {}
[0.001835] (agv_bringup) JobQueued: {'identifier': 'agv_bringup', 'dependencies': OrderedDict()}
[0.002542] (myagv_odometry) JobQueued: {'identifier': 'myagv_odometry', 'dependencies': OrderedDict()}
[0.003133] (myagv_teleop) JobQueued: {'identifier': 'myagv_teleop', 'dependencies': OrderedDict()}
[0.003628] (ydlidar_ros2_driver) JobQueued: {'identifier': 'ydlidar_ros2_driver', 'dependencies': OrderedDict()}
[0.003767] (agv_bringup) JobStarted: {'identifier': 'agv_bringup'}
[0.025847] (myagv_odometry) JobStarted: {'identifier': 'myagv_odometry'}
[0.041634] (myagv_teleop) JobStarted: {'identifier': 'myagv_teleop'}
[0.065512] (ydlidar_ros2_driver) JobStarted: {'identifier': 'ydlidar_ros2_driver'}
[0.086969] (agv_bringup) JobProgress: {'identifier': 'agv_bringup', 'progress': 'cmake'}
[0.089850] (agv_bringup) JobProgress: {'identifier': 'agv_bringup', 'progress': 'build'}
[0.092412] (agv_bringup) Command: {'cmd': ['/usr/bin/cmake', '--build', '/home/ubuntu/slam_project/agv2_ws/build/agv_bringup', '--', '-j4', '-l4'], 'cwd': '/home/ubuntu/slam_project/agv2_ws/build/agv_bringup', 'env': OrderedDict([('LESSOPEN', '| /usr/bin/lesspipe %s'), ('USER', 'ubuntu'), ('SSH_CLIENT', '192.168.1.200 50387 22'), ('XDG_SESSION_TYPE', 'tty'), ('SHLVL', '2'), ('LD_LIBRARY_PATH', '/opt/ros/humble/lib/aarch64-linux-gnu:/opt/ros/humble/lib'), ('MOTD_SHOWN', 'pam'), ('HOME', '/home/ubuntu'), ('OLDPWD', '/home/ubuntu/slam_project'), ('SSH_TTY', '/dev/pts/0'), ('ROS_PYTHON_VERSION', '3'), ('LC_CTYPE', 'C.UTF-8'), ('DBUS_SESSION_BUS_ADDRESS', 'unix:path=/run/user/1000/bus'), ('ROS_DISTRO', 'humble'), ('LOGNAME', 'ubuntu'), ('_', '/usr/bin/colcon'), ('ROS_VERSION', '2'), ('XDG_SESSION_CLASS', 'user'), ('TERM', 'xterm-256color'), ('XDG_SESSION_ID', '3'), ('ROS_LOCALHOST_ONLY', '0'), ('PATH', '/opt/ros/humble/bin:/usr/local/sbin:/usr/local/bin:/usr/sbin:/usr/bin:/sbin:/bin:/usr/games:/usr/local/games:/snap/bin'), ('XDG_RUNTIME_DIR', '/run/user/1000'), ('LANG', 'C.UTF-8'), ('LS_COLORS', 'rs=0:di=01;34:ln=01;36:mh=00:pi=40;33:so=01;35:do=01;35:bd=40;33;01:cd=40;33;01:or=40;31;01:mi=00:su=37;41:sg=30;43:ca=30;41:tw=30;42:ow=34;42:st=37;44:ex=01;32:*.tar=01;31:*.tgz=01;31:*.arc=01;31:*.arj=01;31:*.taz=01;31:*.lha=01;31:*.lz4=01;31:*.lzh=01;31:*.lzma=01;31:*.tlz=01;31:*.txz=01;31:*.tzo=01;31:*.t7z=01;31:*.zip=01;31:*.z=01;31:*.dz=01;31:*.gz=01;31:*.lrz=01;31:*.lz=01;31:*.lzo=01;31:*.xz=01;31:*.zst=01;31:*.tzst=01;31:*.bz2=01;31:*.bz=01;31:*.tbz=01;31:*.tbz2=01;31:*.tz=01;31:*.deb=01;31:*.rpm=01;31:*.jar=01;31:*.war=01;31:*.ear=01;31:*.sar=01;31:*.rar=01;31:*.alz=01;31:*.ace=01;31:*.zoo=01;31:*.cpio=01;31:*.7z=01;31:*.rz=01;31:*.cab=01;31:*.wim=01;31:*.swm=01;31:*.dwm=01;31:*.esd=01;31:*.jpg=01;35:*.jpeg=01;35:*.mjpg=01;35:*.mjpeg=01;35:*.gif=01;35:*.bmp=01;35:*.pbm=01;35:*.pgm=01;35:*.ppm=01;35:*.tga=01;35:*.xbm=01;35:*.xpm=01;35:*.tif=01;35:*.tiff=01;35:*.png=01;35:*.svg=01;35:*.svgz=01;35:*.mng=01;35:*.pcx=01;35:*.mov=01;35:*.mpg=01;35:*.mpeg=01;35:*.m2v=01;35:*.mkv=01;35:*.webm=01;35:*.webp=01;35:*.ogm=01;35:*.mp4=01;35:*.m4v=01;35:*.mp4v=01;35:*.vob=01;35:*.qt=01;35:*.nuv=01;35:*.wmv=01;35:*.asf=01;35:*.rm=01;35:*.rmvb=01;35:*.flc=01;35:*.avi=01;35:*.fli=01;35:*.flv=01;35:*.gl=01;35:*.dl=01;35:*.xcf=01;35:*.xwd=01;35:*.yuv=01;35:*.cgm=01;35:*.emf=01;35:*.ogv=01;35:*.ogx=01;35:*.aac=00;36:*.au=00;36:*.flac=00;36:*.m4a=00;36:*.mid=00;36:*.midi=00;36:*.mka=00;36:*.mp3=00;36:*.mpc=00;36:*.ogg=00;36:*.ra=00;36:*.wav=00;36:*.oga=00;36:*.opus=00;36:*.spx=00;36:*.xspf=00;36:'), ('AMENT_PREFIX_PATH', '/opt/ros/humble'), ('SHELL', '/bin/bash'), ('LESSCLOSE', '/usr/bin/lesspipe %s %s'), ('PWD', '/home/ubuntu/slam_project/agv2_ws/build/agv_bringup'), ('SSH_CONNECTION', '192.168.1.200 50387 192.168.1.205 22'), ('XDG_DATA_DIRS', '/usr/local/share:/usr/share:/var/lib/snapd/desktop'), ('PYTHONPATH', '/opt/ros/humble/lib/python3.10/site-packages:/opt/ros/humble/local/lib/python3.10/dist-packages'), ('COLCON', '1'), ('CMAKE_PREFIX_PATH', '/opt/ros/humble')]), 'shell': False}
[0.101001] (-) TimerEvent: {}
[0.106489] (myagv_odometry) JobProgress: {'identifier': 'myagv_odometry', 'progress': 'cmake'}
[0.111263] (myagv_odometry) Command: {'cmd': ['/usr/bin/cmake', '/home/ubuntu/slam_project/agv2_ws/src/myagv_odometry', '-DAMENT_CMAKE_SYMLINK_INSTALL=1', '-DCMAKE_INSTALL_PREFIX=/home/ubuntu/slam_project/agv2_ws/install/myagv_odometry'], 'cwd': '/home/ubuntu/slam_project/agv2_ws/build/myagv_odometry', 'env': OrderedDict([('LESSOPEN', '| /usr/bin/lesspipe %s'), ('USER', 'ubuntu'), ('SSH_CLIENT', '192.168.1.200 50387 22'), ('XDG_SESSION_TYPE', 'tty'), ('SHLVL', '2'), ('LD_LIBRARY_PATH', '/opt/ros/humble/lib/aarch64-linux-gnu:/opt/ros/humble/lib'), ('MOTD_SHOWN', 'pam'), ('HOME', '/home/ubuntu'), ('OLDPWD', '/home/ubuntu/slam_project'), ('SSH_TTY', '/dev/pts/0'), ('ROS_PYTHON_VERSION', '3'), ('LC_CTYPE', 'C.UTF-8'), ('DBUS_SESSION_BUS_ADDRESS', 'unix:path=/run/user/1000/bus'), ('ROS_DISTRO', 'humble'), ('LOGNAME', 'ubuntu'), ('_', '/usr/bin/colcon'), ('ROS_VERSION', '2'), ('XDG_SESSION_CLASS', 'user'), ('TERM', 'xterm-256color'), ('XDG_SESSION_ID', '3'), ('ROS_LOCALHOST_ONLY', '0'), ('PATH', '/opt/ros/humble/bin:/usr/local/sbin:/usr/local/bin:/usr/sbin:/usr/bin:/sbin:/bin:/usr/games:/usr/local/games:/snap/bin'), ('XDG_RUNTIME_DIR', '/run/user/1000'), ('LANG', 'C.UTF-8'), ('LS_COLORS', 'rs=0:di=01;34:ln=01;36:mh=00:pi=40;33:so=01;35:do=01;35:bd=40;33;01:cd=40;33;01:or=40;31;01:mi=00:su=37;41:sg=30;43:ca=30;41:tw=30;42:ow=34;42:st=37;44:ex=01;32:*.tar=01;31:*.tgz=01;31:*.arc=01;31:*.arj=01;31:*.taz=01;31:*.lha=01;31:*.lz4=01;31:*.lzh=01;31:*.lzma=01;31:*.tlz=01;31:*.txz=01;31:*.tzo=01;31:*.t7z=01;31:*.zip=01;31:*.z=01;31:*.dz=01;31:*.gz=01;31:*.lrz=01;31:*.lz=01;31:*.lzo=01;31:*.xz=01;31:*.zst=01;31:*.tzst=01;31:*.bz2=01;31:*.bz=01;31:*.tbz=01;31:*.tbz2=01;31:*.tz=01;31:*.deb=01;31:*.rpm=01;31:*.jar=01;31:*.war=01;31:*.ear=01;31:*.sar=01;31:*.rar=01;31:*.alz=01;31:*.ace=01;31:*.zoo=01;31:*.cpio=01;31:*.7z=01;31:*.rz=01;31:*.cab=01;31:*.wim=01;31:*.swm=01;31:*.dwm=01;31:*.esd=01;31:*.jpg=01;35:*.jpeg=01;35:*.mjpg=01;35:*.mjpeg=01;35:*.gif=01;35:*.bmp=01;35:*.pbm=01;35:*.pgm=01;35:*.ppm=01;35:*.tga=01;35:*.xbm=01;35:*.xpm=01;35:*.tif=01;35:*.tiff=01;35:*.png=01;35:*.svg=01;35:*.svgz=01;35:*.mng=01;35:*.pcx=01;35:*.mov=01;35:*.mpg=01;35:*.mpeg=01;35:*.m2v=01;35:*.mkv=01;35:*.webm=01;35:*.webp=01;35:*.ogm=01;35:*.mp4=01;35:*.m4v=01;35:*.mp4v=01;35:*.vob=01;35:*.qt=01;35:*.nuv=01;35:*.wmv=01;35:*.asf=01;35:*.rm=01;35:*.rmvb=01;35:*.flc=01;35:*.avi=01;35:*.fli=01;35:*.flv=01;35:*.gl=01;35:*.dl=01;35:*.xcf=01;35:*.xwd=01;35:*.yuv=01;35:*.cgm=01;35:*.emf=01;35:*.ogv=01;35:*.ogx=01;35:*.aac=00;36:*.au=00;36:*.flac=00;36:*.m4a=00;36:*.mid=00;36:*.midi=00;36:*.mka=00;36:*.mp3=00;36:*.mpc=00;36:*.ogg=00;36:*.ra=00;36:*.wav=00;36:*.oga=00;36:*.opus=00;36:*.spx=00;36:*.xspf=00;36:'), ('AMENT_PREFIX_PATH', '/opt/ros/humble'), ('SHELL', '/bin/bash'), ('LESSCLOSE', '/usr/bin/lesspipe %s %s'), ('PWD', '/home/ubuntu/slam_project/agv2_ws/build/myagv_odometry'), ('SSH_CONNECTION', '192.168.1.200 50387 192.168.1.205 22'), ('XDG_DATA_DIRS', '/usr/local/share:/usr/share:/var/lib/snapd/desktop'), ('PYTHONPATH', '/opt/ros/humble/lib/python3.10/site-packages:/opt/ros/humble/local/lib/python3.10/dist-packages'), ('COLCON', '1'), ('CMAKE_PREFIX_PATH', '/opt/ros/humble')]), 'shell': False}
[0.201202] (-) TimerEvent: {}
[0.301990] (-) TimerEvent: {}
[0.402819] (-) TimerEvent: {}
[0.503747] (-) TimerEvent: {}
[0.604718] (-) TimerEvent: {}
[0.705707] (-) TimerEvent: {}
[0.806473] (-) TimerEvent: {}
[0.907280] (-) TimerEvent: {}
[1.007990] (-) TimerEvent: {}
[1.108760] (-) TimerEvent: {}
[1.209559] (-) TimerEvent: {}
[1.310453] (-) TimerEvent: {}
[1.369702] (myagv_odometry) StdoutLine: {'line': b'-- Found ament_cmake: 1.3.14 (/opt/ros/humble/share/ament_cmake/cmake)\n'}
[1.371716] (myagv_odometry) StdoutLine: {'line': b'-- Override CMake install command with custom implementation using symlinks instead of copying resources\n'}
[1.373883] (myagv_odometry) StdoutLine: {'line': b'-- Found rclcpp: 16.0.19 (/opt/ros/humble/share/rclcpp/cmake)\n'}
[1.374606] (myagv_odometry) StdoutLine: {'line': b'-- Found rosidl_generator_c: 3.1.8 (/opt/ros/humble/share/rosidl_generator_c/cmake)\n'}
[1.375407] (myagv_odometry) StdoutLine: {'line': b'-- Found rosidl_adapter: 3.1.8 (/opt/ros/humble/share/rosidl_adapter/cmake)\n'}
[1.376000] (myagv_odometry) StdoutLine: {'line': b'-- Found rosidl_generator_cpp: 3.1.8 (/opt/ros/humble/share/rosidl_generator_cpp/cmake)\n'}
[1.379048] (myagv_odometry) StdoutLine: {'line': b'-- Using all available rosidl_typesupport_c: rosidl_typesupport_fastrtps_c;rosidl_typesupport_introspection_c\n'}
[1.379630] (myagv_odometry) StdoutLine: {'line': b'-- Using all available rosidl_typesupport_cpp: rosidl_typesupport_fastrtps_cpp;rosidl_typesupport_introspection_cpp\n'}
[1.380003] (myagv_odometry) StdoutLine: {'line': b'-- Found rmw_implementation_cmake: 6.1.2 (/opt/ros/humble/share/rmw_implementation_cmake/cmake)\n'}
[1.380379] (myagv_odometry) StdoutLine: {'line': b'-- Found rmw_fastrtps_cpp: 6.2.10 (/opt/ros/humble/share/rmw_fastrtps_cpp/cmake)\n'}
[1.380704] (agv_bringup) CommandEnded: {'returncode': 0}
[1.381774] (agv_bringup) JobProgress: {'identifier': 'agv_bringup', 'progress': 'install'}
[1.411624] (agv_bringup) Command: {'cmd': ['/usr/bin/cmake', '--install', '/home/ubuntu/slam_project/agv2_ws/build/agv_bringup'], 'cwd': '/home/ubuntu/slam_project/agv2_ws/build/agv_bringup', 'env': OrderedDict([('LESSOPEN', '| /usr/bin/lesspipe %s'), ('USER', 'ubuntu'), ('SSH_CLIENT', '192.168.1.200 50387 22'), ('XDG_SESSION_TYPE', 'tty'), ('SHLVL', '2'), ('LD_LIBRARY_PATH', '/opt/ros/humble/lib/aarch64-linux-gnu:/opt/ros/humble/lib'), ('MOTD_SHOWN', 'pam'), ('HOME', '/home/ubuntu'), ('OLDPWD', '/home/ubuntu/slam_project'), ('SSH_TTY', '/dev/pts/0'), ('ROS_PYTHON_VERSION', '3'), ('LC_CTYPE', 'C.UTF-8'), ('DBUS_SESSION_BUS_ADDRESS', 'unix:path=/run/user/1000/bus'), ('ROS_DISTRO', 'humble'), ('LOGNAME', 'ubuntu'), ('_', '/usr/bin/colcon'), ('ROS_VERSION', '2'), ('XDG_SESSION_CLASS', 'user'), ('TERM', 'xterm-256color'), ('XDG_SESSION_ID', '3'), ('ROS_LOCALHOST_ONLY', '0'), ('PATH', '/opt/ros/humble/bin:/usr/local/sbin:/usr/local/bin:/usr/sbin:/usr/bin:/sbin:/bin:/usr/games:/usr/local/games:/snap/bin'), ('XDG_RUNTIME_DIR', '/run/user/1000'), ('LANG', 'C.UTF-8'), ('LS_COLORS', 'rs=0:di=01;34:ln=01;36:mh=00:pi=40;33:so=01;35:do=01;35:bd=40;33;01:cd=40;33;01:or=40;31;01:mi=00:su=37;41:sg=30;43:ca=30;41:tw=30;42:ow=34;42:st=37;44:ex=01;32:*.tar=01;31:*.tgz=01;31:*.arc=01;31:*.arj=01;31:*.taz=01;31:*.lha=01;31:*.lz4=01;31:*.lzh=01;31:*.lzma=01;31:*.tlz=01;31:*.txz=01;31:*.tzo=01;31:*.t7z=01;31:*.zip=01;31:*.z=01;31:*.dz=01;31:*.gz=01;31:*.lrz=01;31:*.lz=01;31:*.lzo=01;31:*.xz=01;31:*.zst=01;31:*.tzst=01;31:*.bz2=01;31:*.bz=01;31:*.tbz=01;31:*.tbz2=01;31:*.tz=01;31:*.deb=01;31:*.rpm=01;31:*.jar=01;31:*.war=01;31:*.ear=01;31:*.sar=01;31:*.rar=01;31:*.alz=01;31:*.ace=01;31:*.zoo=01;31:*.cpio=01;31:*.7z=01;31:*.rz=01;31:*.cab=01;31:*.wim=01;31:*.swm=01;31:*.dwm=01;31:*.esd=01;31:*.jpg=01;35:*.jpeg=01;35:*.mjpg=01;35:*.mjpeg=01;35:*.gif=01;35:*.bmp=01;35:*.pbm=01;35:*.pgm=01;35:*.ppm=01;35:*.tga=01;35:*.xbm=01;35:*.xpm=01;35:*.tif=01;35:*.tiff=01;35:*.png=01;35:*.svg=01;35:*.svgz=01;35:*.mng=01;35:*.pcx=01;35:*.mov=01;35:*.mpg=01;35:*.mpeg=01;35:*.m2v=01;35:*.mkv=01;35:*.webm=01;35:*.webp=01;35:*.ogm=01;35:*.mp4=01;35:*.m4v=01;35:*.mp4v=01;35:*.vob=01;35:*.qt=01;35:*.nuv=01;35:*.wmv=01;35:*.asf=01;35:*.rm=01;35:*.rmvb=01;35:*.flc=01;35:*.avi=01;35:*.fli=01;35:*.flv=01;35:*.gl=01;35:*.dl=01;35:*.xcf=01;35:*.xwd=01;35:*.yuv=01;35:*.cgm=01;35:*.emf=01;35:*.ogv=01;35:*.ogx=01;35:*.aac=00;36:*.au=00;36:*.flac=00;36:*.m4a=00;36:*.mid=00;36:*.midi=00;36:*.mka=00;36:*.mp3=00;36:*.mpc=00;36:*.ogg=00;36:*.ra=00;36:*.wav=00;36:*.oga=00;36:*.opus=00;36:*.spx=00;36:*.xspf=00;36:'), ('AMENT_PREFIX_PATH', '/opt/ros/humble'), ('SHELL', '/bin/bash'), ('LESSCLOSE', '/usr/bin/lesspipe %s %s'), ('PWD', '/home/ubuntu/slam_project/agv2_ws/build/agv_bringup'), ('SSH_CONNECTION', '192.168.1.200 50387 192.168.1.205 22'), ('XDG_DATA_DIRS', '/usr/local/share:/usr/share:/var/lib/snapd/desktop'), ('PYTHONPATH', '/opt/ros/humble/lib/python3.10/site-packages:/opt/ros/humble/local/lib/python3.10/dist-packages'), ('COLCON', '1'), ('CMAKE_PREFIX_PATH', '/opt/ros/humble')]), 'shell': False}
[1.416198] (-) TimerEvent: {}
[1.417469] (ydlidar_ros2_driver) JobProgress: {'identifier': 'ydlidar_ros2_driver', 'progress': 'cmake'}
[1.424133] (ydlidar_ros2_driver) JobProgress: {'identifier': 'ydlidar_ros2_driver', 'progress': 'build'}
[1.426891] (ydlidar_ros2_driver) Command: {'cmd': ['/usr/bin/cmake', '--build', '/home/ubuntu/slam_project/agv2_ws/build/ydlidar_ros2_driver', '--', '-j4', '-l4'], 'cwd': '/home/ubuntu/slam_project/agv2_ws/build/ydlidar_ros2_driver', 'env': OrderedDict([('LESSOPEN', '| /usr/bin/lesspipe %s'), ('USER', 'ubuntu'), ('SSH_CLIENT', '192.168.1.200 50387 22'), ('XDG_SESSION_TYPE', 'tty'), ('SHLVL', '2'), ('LD_LIBRARY_PATH', '/opt/ros/humble/lib/aarch64-linux-gnu:/opt/ros/humble/lib'), ('MOTD_SHOWN', 'pam'), ('HOME', '/home/ubuntu'), ('OLDPWD', '/home/ubuntu/slam_project'), ('SSH_TTY', '/dev/pts/0'), ('ROS_PYTHON_VERSION', '3'), ('LC_CTYPE', 'C.UTF-8'), ('DBUS_SESSION_BUS_ADDRESS', 'unix:path=/run/user/1000/bus'), ('ROS_DISTRO', 'humble'), ('LOGNAME', 'ubuntu'), ('_', '/usr/bin/colcon'), ('ROS_VERSION', '2'), ('XDG_SESSION_CLASS', 'user'), ('TERM', 'xterm-256color'), ('XDG_SESSION_ID', '3'), ('ROS_LOCALHOST_ONLY', '0'), ('PATH', '/opt/ros/humble/bin:/usr/local/sbin:/usr/local/bin:/usr/sbin:/usr/bin:/sbin:/bin:/usr/games:/usr/local/games:/snap/bin'), ('XDG_RUNTIME_DIR', '/run/user/1000'), ('LANG', 'C.UTF-8'), ('LS_COLORS', 'rs=0:di=01;34:ln=01;36:mh=00:pi=40;33:so=01;35:do=01;35:bd=40;33;01:cd=40;33;01:or=40;31;01:mi=00:su=37;41:sg=30;43:ca=30;41:tw=30;42:ow=34;42:st=37;44:ex=01;32:*.tar=01;31:*.tgz=01;31:*.arc=01;31:*.arj=01;31:*.taz=01;31:*.lha=01;31:*.lz4=01;31:*.lzh=01;31:*.lzma=01;31:*.tlz=01;31:*.txz=01;31:*.tzo=01;31:*.t7z=01;31:*.zip=01;31:*.z=01;31:*.dz=01;31:*.gz=01;31:*.lrz=01;31:*.lz=01;31:*.lzo=01;31:*.xz=01;31:*.zst=01;31:*.tzst=01;31:*.bz2=01;31:*.bz=01;31:*.tbz=01;31:*.tbz2=01;31:*.tz=01;31:*.deb=01;31:*.rpm=01;31:*.jar=01;31:*.war=01;31:*.ear=01;31:*.sar=01;31:*.rar=01;31:*.alz=01;31:*.ace=01;31:*.zoo=01;31:*.cpio=01;31:*.7z=01;31:*.rz=01;31:*.cab=01;31:*.wim=01;31:*.swm=01;31:*.dwm=01;31:*.esd=01;31:*.jpg=01;35:*.jpeg=01;35:*.mjpg=01;35:*.mjpeg=01;35:*.gif=01;35:*.bmp=01;35:*.pbm=01;35:*.pgm=01;35:*.ppm=01;35:*.tga=01;35:*.xbm=01;35:*.xpm=01;35:*.tif=01;35:*.tiff=01;35:*.png=01;35:*.svg=01;35:*.svgz=01;35:*.mng=01;35:*.pcx=01;35:*.mov=01;35:*.mpg=01;35:*.mpeg=01;35:*.m2v=01;35:*.mkv=01;35:*.webm=01;35:*.webp=01;35:*.ogm=01;35:*.mp4=01;35:*.m4v=01;35:*.mp4v=01;35:*.vob=01;35:*.qt=01;35:*.nuv=01;35:*.wmv=01;35:*.asf=01;35:*.rm=01;35:*.rmvb=01;35:*.flc=01;35:*.avi=01;35:*.fli=01;35:*.flv=01;35:*.gl=01;35:*.dl=01;35:*.xcf=01;35:*.xwd=01;35:*.yuv=01;35:*.cgm=01;35:*.emf=01;35:*.ogv=01;35:*.ogx=01;35:*.aac=00;36:*.au=00;36:*.flac=00;36:*.m4a=00;36:*.mid=00;36:*.midi=00;36:*.mka=00;36:*.mp3=00;36:*.mpc=00;36:*.ogg=00;36:*.ra=00;36:*.wav=00;36:*.oga=00;36:*.opus=00;36:*.spx=00;36:*.xspf=00;36:'), ('AMENT_PREFIX_PATH', '/opt/ros/humble'), ('SHELL', '/bin/bash'), ('LESSCLOSE', '/usr/bin/lesspipe %s %s'), ('PWD', '/home/ubuntu/slam_project/agv2_ws/build/ydlidar_ros2_driver'), ('SSH_CONNECTION', '192.168.1.200 50387 192.168.1.205 22'), ('XDG_DATA_DIRS', '/usr/local/share:/usr/share:/var/lib/snapd/desktop'), ('PYTHONPATH', '/opt/ros/humble/lib/python3.10/site-packages:/opt/ros/humble/local/lib/python3.10/dist-packages'), ('COLCON', '1'), ('CMAKE_PREFIX_PATH', '/opt/ros/humble')]), 'shell': False}
[1.453076] (agv_bringup) StdoutLine: {'line': b'-- Install configuration: ""\n'}
[1.463263] (agv_bringup) StdoutLine: {'line': b'-- Execute custom install script\n'}
[1.463862] (agv_bringup) StdoutLine: {'line': b'-- Up-to-date symlink: /home/ubuntu/slam_project/agv2_ws/install/agv_bringup/share/agv_bringup/launch/apriltag.launch.py\n'}
[1.464313] (agv_bringup) StdoutLine: {'line': b'-- Up-to-date symlink: /home/ubuntu/slam_project/agv2_ws/install/agv_bringup/share/agv_bringup/launch/bringup.launch.py\n'}
[1.464821] (agv_bringup) StdoutLine: {'line': b'-- Up-to-date symlink: /home/ubuntu/slam_project/agv2_ws/install/agv_bringup/share/agv_bringup/config/base.yaml\n'}
[1.468001] (agv_bringup) StdoutLine: {'line': b'-- Up-to-date symlink: /home/ubuntu/slam_project/agv2_ws/install/agv_bringup/share/agv_bringup/config/imu.yaml\n'}
[1.470466] (agv_bringup) StdoutLine: {'line': b'-- Up-to-date symlink: /home/ubuntu/slam_project/agv2_ws/install/agv_bringup/share/agv_bringup/config/lidar.yaml\n'}
[1.473353] (agv_bringup) StdoutLine: {'line': b'-- Up-to-date symlink: /home/ubuntu/slam_project/agv2_ws/install/agv_bringup/share/agv_bringup/config/settings.yaml\n'}
[1.475377] (agv_bringup) StdoutLine: {'line': b'-- Up-to-date symlink: /home/ubuntu/slam_project/agv2_ws/install/agv_bringup/share/agv_bringup/config/tags.yaml\n'}
[1.477497] (agv_bringup) StdoutLine: {'line': b'-- Up-to-date symlink: /home/ubuntu/slam_project/agv2_ws/install/agv_bringup/share/agv_bringup/config/tags_tag36h11_id0_80mm.yaml\n'}
[1.490857] (agv_bringup) StdoutLine: {'line': b'-- Up-to-date symlink: /home/ubuntu/slam_project/agv2_ws/install/agv_bringup/share/agv_bringup/calibration/calibration_date.txt\n'}
[1.491817] (agv_bringup) StdoutLine: {'line': b'-- Up-to-date symlink: /home/ubuntu/slam_project/agv2_ws/install/agv_bringup/share/agv_bringup/calibration/camera_intrinsics.yaml\n'}
[1.492605] (agv_bringup) StdoutLine: {'line': b'-- Up-to-date symlink: /home/ubuntu/slam_project/agv2_ws/install/agv_bringup/share/agv_bringup/calibration/extrinsics.yaml\n'}
[1.493277] (agv_bringup) StdoutLine: {'line': b'-- Up-to-date symlink: /home/ubuntu/slam_project/agv2_ws/install/agv_bringup/share/agv_bringup/calibration/imu_intrinsics.yaml\n'}
[1.493826] (agv_bringup) StdoutLine: {'line': b'-- Up-to-date symlink: /home/ubuntu/slam_project/agv2_ws/install/agv_bringup/share/agv_bringup/calibration/mocap_to_base.yaml\n'}
[1.494443] (agv_bringup) StdoutLine: {'line': b'-- Up-to-date symlink: /home/ubuntu/slam_project/agv2_ws/install/agv_bringup/share/ament_index/resource_index/package_run_dependencies/agv_bringup\n'}
[1.495231] (agv_bringup) StdoutLine: {'line': b'-- Up-to-date symlink: /home/ubuntu/slam_project/agv2_ws/install/agv_bringup/share/ament_index/resource_index/parent_prefix_path/agv_bringup\n'}
[1.496327] (agv_bringup) StdoutLine: {'line': b'-- Up-to-date symlink: /home/ubuntu/slam_project/agv2_ws/install/agv_bringup/share/agv_bringup/environment/ament_prefix_path.sh\n'}
[1.497015] (agv_bringup) StdoutLine: {'line': b'-- Up-to-date symlink: /home/ubuntu/slam_project/agv2_ws/install/agv_bringup/share/agv_bringup/environment/ament_prefix_path.dsv\n'}
[1.497729] (agv_bringup) StdoutLine: {'line': b'-- Up-to-date symlink: /home/ubuntu/slam_project/agv2_ws/install/agv_bringup/share/agv_bringup/environment/path.sh\n'}
[1.498622] (agv_bringup) StdoutLine: {'line': b'-- Up-to-date symlink: /home/ubuntu/slam_project/agv2_ws/install/agv_bringup/share/agv_bringup/environment/path.dsv\n'}
[1.499727] (agv_bringup) StdoutLine: {'line': b'-- Up-to-date symlink: /home/ubuntu/slam_project/agv2_ws/install/agv_bringup/share/agv_bringup/local_setup.bash\n'}
[1.501129] (agv_bringup) StdoutLine: {'line': b'-- Up-to-date symlink: /home/ubuntu/slam_project/agv2_ws/install/agv_bringup/share/agv_bringup/local_setup.sh\n'}
[1.502689] (agv_bringup) StdoutLine: {'line': b'-- Up-to-date symlink: /home/ubuntu/slam_project/agv2_ws/install/agv_bringup/share/agv_bringup/local_setup.zsh\n'}
[1.503969] (agv_bringup) StdoutLine: {'line': b'-- Up-to-date symlink: /home/ubuntu/slam_project/agv2_ws/install/agv_bringup/share/agv_bringup/local_setup.dsv\n'}
[1.510028] (agv_bringup) StdoutLine: {'line': b'-- Symlinking: /home/ubuntu/slam_project/agv2_ws/install/agv_bringup/share/agv_bringup/package.dsv\n'}
[1.516421] (-) TimerEvent: {}
[1.554635] (agv_bringup) StdoutLine: {'line': b'-- Up-to-date symlink: /home/ubuntu/slam_project/agv2_ws/install/agv_bringup/share/ament_index/resource_index/packages/agv_bringup\n'}
[1.556387] (agv_bringup) StdoutLine: {'line': b'-- Up-to-date symlink: /home/ubuntu/slam_project/agv2_ws/install/agv_bringup/share/agv_bringup/cmake/agv_bringupConfig.cmake\n'}
[1.557787] (agv_bringup) StdoutLine: {'line': b'-- Up-to-date symlink: /home/ubuntu/slam_project/agv2_ws/install/agv_bringup/share/agv_bringup/cmake/agv_bringupConfig-version.cmake\n'}
[1.559443] (agv_bringup) StdoutLine: {'line': b'-- Up-to-date symlink: /home/ubuntu/slam_project/agv2_ws/install/agv_bringup/share/agv_bringup/package.xml\n'}
[1.567394] (agv_bringup) CommandEnded: {'returncode': 0}
[1.618945] (-) TimerEvent: {}
[1.679167] (agv_bringup) JobEnded: {'identifier': 'agv_bringup', 'rc': 0}
[1.719290] (-) TimerEvent: {}
[1.730141] (ydlidar_ros2_driver) StdoutLine: {'line': b'[ 25%] \x1b[32mBuilding CXX object CMakeFiles/ydlidar_ros2_driver_node.dir/src/ydlidar_ros2_driver_node.cpp.o\x1b[0m\n'}
[1.755293] (ydlidar_ros2_driver) StdoutLine: {'line': b'[ 50%] \x1b[32mBuilding CXX object CMakeFiles/ydlidar_ros2_driver_client.dir/src/ydlidar_ros2_driver_client.cpp.o\x1b[0m\n'}
[1.819433] (-) TimerEvent: {}
[1.920155] (-) TimerEvent: {}
[2.014846] (myagv_odometry) StdoutLine: {'line': b"-- Using RMW implementation 'rmw_fastrtps_cpp' as default\n"}
[2.020324] (-) TimerEvent: {}
[2.121243] (-) TimerEvent: {}
[2.222562] (-) TimerEvent: {}
[2.280300] (myagv_odometry) StdoutLine: {'line': b'-- Found geometry_msgs: 4.9.1 (/opt/ros/humble/share/geometry_msgs/cmake)\n'}
[2.322675] (-) TimerEvent: {}
[2.343250] (myagv_odometry) StdoutLine: {'line': b'-- Found nav_msgs: 4.9.1 (/opt/ros/humble/share/nav_msgs/cmake)\n'}
[2.419256] (myagv_odometry) StdoutLine: {'line': b'-- Found sensor_msgs: 4.9.1 (/opt/ros/humble/share/sensor_msgs/cmake)\n'}
[2.422873] (-) TimerEvent: {}
[2.501765] (myagv_odometry) StdoutLine: {'line': b'-- Found tf2_ros: 0.25.20 (/opt/ros/humble/share/tf2_ros/cmake)\n'}
[2.523045] (-) TimerEvent: {}
[2.623880] (-) TimerEvent: {}
[2.724771] (-) TimerEvent: {}
[2.826230] (-) TimerEvent: {}
[2.921713] (myagv_odometry) StdoutLine: {'line': b'-- Found tf2_geometry_msgs: 0.25.20 (/opt/ros/humble/share/tf2_geometry_msgs/cmake)\n'}
[2.926428] (-) TimerEvent: {}
[2.938870] (myagv_odometry) StdoutLine: {'line': b'-- Found eigen3_cmake_module: 0.1.1 (/opt/ros/humble/share/eigen3_cmake_module/cmake)\n'}
[2.945153] (myagv_odometry) StdoutLine: {'line': b'-- Ensuring Eigen3 include directory is part of orocos-kdl CMake target\n'}
[3.009645] (myagv_odometry) StdoutLine: {'line': b'-- Found Boost: /usr/lib/aarch64-linux-gnu/cmake/Boost-1.74.0/BoostConfig.cmake (found version "1.74.0") found components: system \n'}
[3.026678] (-) TimerEvent: {}
[3.127513] (-) TimerEvent: {}
[3.228454] (-) TimerEvent: {}
[3.329995] (-) TimerEvent: {}
[3.432713] (-) TimerEvent: {}
[3.464960] (myagv_teleop) Command: {'cmd': ['/usr/bin/python3', '-W', 'ignore:setup.py install is deprecated', '-W', 'ignore:easy_install command is deprecated', 'setup.py', 'develop', '--editable', '--build-directory', '/home/ubuntu/slam_project/agv2_ws/build/myagv_teleop/build', '--no-deps', 'symlink_data'], 'cwd': '/home/ubuntu/slam_project/agv2_ws/build/myagv_teleop', 'env': {'LESSOPEN': '| /usr/bin/lesspipe %s', 'USER': 'ubuntu', 'SSH_CLIENT': '192.168.1.200 50387 22', 'XDG_SESSION_TYPE': 'tty', 'SHLVL': '2', 'LD_LIBRARY_PATH': '/opt/ros/humble/lib/aarch64-linux-gnu:/opt/ros/humble/lib', 'MOTD_SHOWN': 'pam', 'HOME': '/home/ubuntu', 'OLDPWD': '/home/ubuntu/slam_project', 'SSH_TTY': '/dev/pts/0', 'ROS_PYTHON_VERSION': '3', 'LC_CTYPE': 'C.UTF-8', 'DBUS_SESSION_BUS_ADDRESS': 'unix:path=/run/user/1000/bus', 'ROS_DISTRO': 'humble', 'LOGNAME': 'ubuntu', '_': '/usr/bin/colcon', 'ROS_VERSION': '2', 'XDG_SESSION_CLASS': 'user', 'TERM': 'xterm-256color', 'XDG_SESSION_ID': '3', 'ROS_LOCALHOST_ONLY': '0', 'PATH': '/opt/ros/humble/bin:/usr/local/sbin:/usr/local/bin:/usr/sbin:/usr/bin:/sbin:/bin:/usr/games:/usr/local/games:/snap/bin', 'XDG_RUNTIME_DIR': '/run/user/1000', 'LANG': 'C.UTF-8', 'LS_COLORS': 'rs=0:di=01;34:ln=01;36:mh=00:pi=40;33:so=01;35:do=01;35:bd=40;33;01:cd=40;33;01:or=40;31;01:mi=00:su=37;41:sg=30;43:ca=30;41:tw=30;42:ow=34;42:st=37;44:ex=01;32:*.tar=01;31:*.tgz=01;31:*.arc=01;31:*.arj=01;31:*.taz=01;31:*.lha=01;31:*.lz4=01;31:*.lzh=01;31:*.lzma=01;31:*.tlz=01;31:*.txz=01;31:*.tzo=01;31:*.t7z=01;31:*.zip=01;31:*.z=01;31:*.dz=01;31:*.gz=01;31:*.lrz=01;31:*.lz=01;31:*.lzo=01;31:*.xz=01;31:*.zst=01;31:*.tzst=01;31:*.bz2=01;31:*.bz=01;31:*.tbz=01;31:*.tbz2=01;31:*.tz=01;31:*.deb=01;31:*.rpm=01;31:*.jar=01;31:*.war=01;31:*.ear=01;31:*.sar=01;31:*.rar=01;31:*.alz=01;31:*.ace=01;31:*.zoo=01;31:*.cpio=01;31:*.7z=01;31:*.rz=01;31:*.cab=01;31:*.wim=01;31:*.swm=01;31:*.dwm=01;31:*.esd=01;31:*.jpg=01;35:*.jpeg=01;35:*.mjpg=01;35:*.mjpeg=01;35:*.gif=01;35:*.bmp=01;35:*.pbm=01;35:*.pgm=01;35:*.ppm=01;35:*.tga=01;35:*.xbm=01;35:*.xpm=01;35:*.tif=01;35:*.tiff=01;35:*.png=01;35:*.svg=01;35:*.svgz=01;35:*.mng=01;35:*.pcx=01;35:*.mov=01;35:*.mpg=01;35:*.mpeg=01;35:*.m2v=01;35:*.mkv=01;35:*.webm=01;35:*.webp=01;35:*.ogm=01;35:*.mp4=01;35:*.m4v=01;35:*.mp4v=01;35:*.vob=01;35:*.qt=01;35:*.nuv=01;35:*.wmv=01;35:*.asf=01;35:*.rm=01;35:*.rmvb=01;35:*.flc=01;35:*.avi=01;35:*.fli=01;35:*.flv=01;35:*.gl=01;35:*.dl=01;35:*.xcf=01;35:*.xwd=01;35:*.yuv=01;35:*.cgm=01;35:*.emf=01;35:*.ogv=01;35:*.ogx=01;35:*.aac=00;36:*.au=00;36:*.flac=00;36:*.m4a=00;36:*.mid=00;36:*.midi=00;36:*.mka=00;36:*.mp3=00;36:*.mpc=00;36:*.ogg=00;36:*.ra=00;36:*.wav=00;36:*.oga=00;36:*.opus=00;36:*.spx=00;36:*.xspf=00;36:', 'AMENT_PREFIX_PATH': '/opt/ros/humble', 'SHELL': '/bin/bash', 'LESSCLOSE': '/usr/bin/lesspipe %s %s', 'PWD': '/home/ubuntu/slam_project/agv2_ws/build/myagv_teleop', 'SSH_CONNECTION': '192.168.1.200 50387 192.168.1.205 22', 'XDG_DATA_DIRS': '/usr/local/share:/usr/share:/var/lib/snapd/desktop', 'PYTHONPATH': '/home/ubuntu/slam_project/agv2_ws/build/myagv_teleop/prefix_override:/usr/lib/python3/dist-packages/colcon_core/task/python/colcon_distutils_commands:/home/ubuntu/slam_project/agv2_ws/install/myagv_teleop/lib/python3.10/site-packages:/opt/ros/humble/lib/python3.10/site-packages:/opt/ros/humble/local/lib/python3.10/dist-packages', 'COLCON': '1'}, 'shell': False}
[3.492247] (myagv_odometry) StdoutLine: {'line': b'-- Configuring done\n'}
[3.532950] (-) TimerEvent: {}
[3.594905] (myagv_odometry) StdoutLine: {'line': b'-- Generating done\n'}
[3.617383] (myagv_odometry) StdoutLine: {'line': b'-- Build files have been written to: /home/ubuntu/slam_project/agv2_ws/build/myagv_odometry\n'}
[3.633193] (-) TimerEvent: {}
[3.667985] (myagv_odometry) CommandEnded: {'returncode': 0}
[3.669795] (myagv_odometry) JobProgress: {'identifier': 'myagv_odometry', 'progress': 'build'}
[3.669982] (myagv_odometry) Command: {'cmd': ['/usr/bin/cmake', '--build', '/home/ubuntu/slam_project/agv2_ws/build/myagv_odometry', '--', '-j4', '-l4'], 'cwd': '/home/ubuntu/slam_project/agv2_ws/build/myagv_odometry', 'env': OrderedDict([('LESSOPEN', '| /usr/bin/lesspipe %s'), ('USER', 'ubuntu'), ('SSH_CLIENT', '192.168.1.200 50387 22'), ('XDG_SESSION_TYPE', 'tty'), ('SHLVL', '2'), ('LD_LIBRARY_PATH', '/opt/ros/humble/lib/aarch64-linux-gnu:/opt/ros/humble/lib'), ('MOTD_SHOWN', 'pam'), ('HOME', '/home/ubuntu'), ('OLDPWD', '/home/ubuntu/slam_project'), ('SSH_TTY', '/dev/pts/0'), ('ROS_PYTHON_VERSION', '3'), ('LC_CTYPE', 'C.UTF-8'), ('DBUS_SESSION_BUS_ADDRESS', 'unix:path=/run/user/1000/bus'), ('ROS_DISTRO', 'humble'), ('LOGNAME', 'ubuntu'), ('_', '/usr/bin/colcon'), ('ROS_VERSION', '2'), ('XDG_SESSION_CLASS', 'user'), ('TERM', 'xterm-256color'), ('XDG_SESSION_ID', '3'), ('ROS_LOCALHOST_ONLY', '0'), ('PATH', '/opt/ros/humble/bin:/usr/local/sbin:/usr/local/bin:/usr/sbin:/usr/bin:/sbin:/bin:/usr/games:/usr/local/games:/snap/bin'), ('XDG_RUNTIME_DIR', '/run/user/1000'), ('LANG', 'C.UTF-8'), ('LS_COLORS', 'rs=0:di=01;34:ln=01;36:mh=00:pi=40;33:so=01;35:do=01;35:bd=40;33;01:cd=40;33;01:or=40;31;01:mi=00:su=37;41:sg=30;43:ca=30;41:tw=30;42:ow=34;42:st=37;44:ex=01;32:*.tar=01;31:*.tgz=01;31:*.arc=01;31:*.arj=01;31:*.taz=01;31:*.lha=01;31:*.lz4=01;31:*.lzh=01;31:*.lzma=01;31:*.tlz=01;31:*.txz=01;31:*.tzo=01;31:*.t7z=01;31:*.zip=01;31:*.z=01;31:*.dz=01;31:*.gz=01;31:*.lrz=01;31:*.lz=01;31:*.lzo=01;31:*.xz=01;31:*.zst=01;31:*.tzst=01;31:*.bz2=01;31:*.bz=01;31:*.tbz=01;31:*.tbz2=01;31:*.tz=01;31:*.deb=01;31:*.rpm=01;31:*.jar=01;31:*.war=01;31:*.ear=01;31:*.sar=01;31:*.rar=01;31:*.alz=01;31:*.ace=01;31:*.zoo=01;31:*.cpio=01;31:*.7z=01;31:*.rz=01;31:*.cab=01;31:*.wim=01;31:*.swm=01;31:*.dwm=01;31:*.esd=01;31:*.jpg=01;35:*.jpeg=01;35:*.mjpg=01;35:*.mjpeg=01;35:*.gif=01;35:*.bmp=01;35:*.pbm=01;35:*.pgm=01;35:*.ppm=01;35:*.tga=01;35:*.xbm=01;35:*.xpm=01;35:*.tif=01;35:*.tiff=01;35:*.png=01;35:*.svg=01;35:*.svgz=01;35:*.mng=01;35:*.pcx=01;35:*.mov=01;35:*.mpg=01;35:*.mpeg=01;35:*.m2v=01;35:*.mkv=01;35:*.webm=01;35:*.webp=01;35:*.ogm=01;35:*.mp4=01;35:*.m4v=01;35:*.mp4v=01;35:*.vob=01;35:*.qt=01;35:*.nuv=01;35:*.wmv=01;35:*.asf=01;35:*.rm=01;35:*.rmvb=01;35:*.flc=01;35:*.avi=01;35:*.fli=01;35:*.flv=01;35:*.gl=01;35:*.dl=01;35:*.xcf=01;35:*.xwd=01;35:*.yuv=01;35:*.cgm=01;35:*.emf=01;35:*.ogv=01;35:*.ogx=01;35:*.aac=00;36:*.au=00;36:*.flac=00;36:*.m4a=00;36:*.mid=00;36:*.midi=00;36:*.mka=00;36:*.mp3=00;36:*.mpc=00;36:*.ogg=00;36:*.ra=00;36:*.wav=00;36:*.oga=00;36:*.opus=00;36:*.spx=00;36:*.xspf=00;36:'), ('AMENT_PREFIX_PATH', '/opt/ros/humble'), ('SHELL', '/bin/bash'), ('LESSCLOSE', '/usr/bin/lesspipe %s %s'), ('PWD', '/home/ubuntu/slam_project/agv2_ws/build/myagv_odometry'), ('SSH_CONNECTION', '192.168.1.200 50387 192.168.1.205 22'), ('XDG_DATA_DIRS', '/usr/local/share:/usr/share:/var/lib/snapd/desktop'), ('PYTHONPATH', '/opt/ros/humble/lib/python3.10/site-packages:/opt/ros/humble/local/lib/python3.10/dist-packages'), ('COLCON', '1'), ('CMAKE_PREFIX_PATH', '/opt/ros/humble')]), 'shell': False}
[3.733391] (-) TimerEvent: {}
[3.834183] (-) TimerEvent: {}
[3.925392] (myagv_odometry) StdoutLine: {'line': b'[ 33%] \x1b[32mBuilding CXX object CMakeFiles/myagv_odometry_node.dir/src/myAGV.cpp.o\x1b[0m\n'}
[3.934434] (-) TimerEvent: {}
[3.972606] (myagv_odometry) StdoutLine: {'line': b'[ 66%] \x1b[32mBuilding CXX object CMakeFiles/myagv_odometry_node.dir/src/myagv_node.cpp.o\x1b[0m\n'}
[4.034792] (-) TimerEvent: {}
[4.136843] (-) TimerEvent: {}
[4.238254] (-) TimerEvent: {}
[4.340007] (-) TimerEvent: {}
[4.441608] (-) TimerEvent: {}
[4.542476] (-) TimerEvent: {}
[4.643853] (-) TimerEvent: {}
[4.744980] (-) TimerEvent: {}
[4.845836] (-) TimerEvent: {}
[4.946669] (-) TimerEvent: {}
[5.030551] (myagv_teleop) StdoutLine: {'line': b'running develop\n'}
[5.046896] (-) TimerEvent: {}
[5.147951] (-) TimerEvent: {}
[5.249028] (-) TimerEvent: {}
[5.350105] (-) TimerEvent: {}
[5.451190] (-) TimerEvent: {}
[5.552212] (-) TimerEvent: {}
[5.653325] (-) TimerEvent: {}
[5.754960] (-) TimerEvent: {}
[5.856760] (-) TimerEvent: {}
[5.963782] (-) TimerEvent: {}
[6.065575] (-) TimerEvent: {}
[6.167587] (-) TimerEvent: {}
[6.268677] (-) TimerEvent: {}
[6.369841] (-) TimerEvent: {}
[6.471008] (-) TimerEvent: {}
[6.572010] (-) TimerEvent: {}
[6.662571] (myagv_teleop) StdoutLine: {'line': b'running egg_info\n'}
[6.664085] (myagv_teleop) StdoutLine: {'line': b'writing myagv_teleop.egg-info/PKG-INFO\n'}
[6.672211] (-) TimerEvent: {}
[6.773307] (-) TimerEvent: {}
[6.874286] (-) TimerEvent: {}
[6.975504] (-) TimerEvent: {}
[7.052794] (myagv_teleop) StdoutLine: {'line': b'writing dependency_links to myagv_teleop.egg-info/dependency_links.txt\n'}
[7.059067] (myagv_teleop) StdoutLine: {'line': b'writing entry points to myagv_teleop.egg-info/entry_points.txt\n'}
[7.059981] (myagv_teleop) StdoutLine: {'line': b'writing requirements to myagv_teleop.egg-info/requires.txt\n'}
[7.060761] (myagv_teleop) StdoutLine: {'line': b'writing top-level names to myagv_teleop.egg-info/top_level.txt\n'}
[7.069469] (myagv_teleop) StdoutLine: {'line': b"reading manifest file 'myagv_teleop.egg-info/SOURCES.txt'\n"}
[7.073885] (myagv_teleop) StdoutLine: {'line': b"writing manifest file 'myagv_teleop.egg-info/SOURCES.txt'\n"}
[7.075768] (-) TimerEvent: {}
[7.083232] (myagv_teleop) StdoutLine: {'line': b'running build_ext\n'}
[7.084721] (myagv_teleop) StdoutLine: {'line': b'Creating /home/ubuntu/slam_project/agv2_ws/install/myagv_teleop/lib/python3.10/site-packages/myagv-teleop.egg-link (link to .)\n'}
[7.090988] (myagv_teleop) StdoutLine: {'line': b'Installing myagv_teleop script to /home/ubuntu/slam_project/agv2_ws/install/myagv_teleop/lib/myagv_teleop\n'}
[7.093358] (myagv_teleop) StdoutLine: {'line': b'\n'}
[7.094466] (myagv_teleop) StdoutLine: {'line': b'Installed /home/ubuntu/slam_project/agv2_ws/build/myagv_teleop\n'}
[7.095887] (myagv_teleop) StdoutLine: {'line': b'running symlink_data\n'}
[7.176087] (-) TimerEvent: {}
[7.452209] (myagv_teleop) CommandEnded: {'returncode': 0}
[7.462212] (-) TimerEvent: {}
[7.538743] (myagv_teleop) JobEnded: {'identifier': 'myagv_teleop', 'rc': 0}
[7.562402] (-) TimerEvent: {}
[7.663603] (-) TimerEvent: {}
[7.765833] (-) TimerEvent: {}
[7.867393] (-) TimerEvent: {}
[7.968377] (-) TimerEvent: {}
[8.069404] (-) TimerEvent: {}
[8.171025] (-) TimerEvent: {}
[8.272398] (-) TimerEvent: {}
[8.373694] (-) TimerEvent: {}
[8.475980] (-) TimerEvent: {}
[8.578027] (-) TimerEvent: {}
[8.680307] (-) TimerEvent: {}
[8.782347] (-) TimerEvent: {}
[8.884750] (-) TimerEvent: {}
[8.986806] (-) TimerEvent: {}
[9.088916] (-) TimerEvent: {}
[9.190214] (-) TimerEvent: {}
[9.291907] (-) TimerEvent: {}
[9.393013] (-) TimerEvent: {}
[9.494472] (-) TimerEvent: {}
[9.596658] (-) TimerEvent: {}
[9.697778] (-) TimerEvent: {}
[9.799066] (-) TimerEvent: {}
[9.900440] (-) TimerEvent: {}
[10.001556] (-) TimerEvent: {}
[10.103306] (-) TimerEvent: {}
[10.205015] (-) TimerEvent: {}
[10.306670] (-) TimerEvent: {}
[10.408442] (-) TimerEvent: {}
[10.509531] (-) TimerEvent: {}
[10.611576] (-) TimerEvent: {}
[10.713308] (-) TimerEvent: {}
[10.815214] (-) TimerEvent: {}
[10.917370] (-) TimerEvent: {}
[11.018194] (-) TimerEvent: {}
[11.119309] (-) TimerEvent: {}
[11.220359] (-) TimerEvent: {}
[11.321673] (-) TimerEvent: {}
[11.423446] (-) TimerEvent: {}
[11.525476] (-) TimerEvent: {}
[11.627093] (-) TimerEvent: {}
[11.728355] (-) TimerEvent: {}
[11.829690] (-) TimerEvent: {}
[11.930898] (-) TimerEvent: {}
[12.032309] (-) TimerEvent: {}
[12.133897] (-) TimerEvent: {}
[12.235045] (-) TimerEvent: {}
[12.356485] (-) TimerEvent: {}
[12.458428] (-) TimerEvent: {}
[12.560193] (-) TimerEvent: {}
[12.662109] (-) TimerEvent: {}
[12.764377] (-) TimerEvent: {}
[12.866538] (-) TimerEvent: {}
[12.968507] (-) TimerEvent: {}
[13.069449] (-) TimerEvent: {}
[13.171630] (-) TimerEvent: {}
[13.273575] (-) TimerEvent: {}
[13.376108] (-) TimerEvent: {}
[13.478162] (-) TimerEvent: {}
[13.581016] (-) TimerEvent: {}
[13.682722] (-) TimerEvent: {}
[13.783697] (-) TimerEvent: {}
[13.884684] (-) TimerEvent: {}
[13.985990] (-) TimerEvent: {}
[14.088055] (-) TimerEvent: {}
[14.190332] (-) TimerEvent: {}
[14.292467] (-) TimerEvent: {}
[14.394721] (-) TimerEvent: {}
[14.496655] (-) TimerEvent: {}
[14.597955] (-) TimerEvent: {}
[14.699819] (-) TimerEvent: {}
[14.800857] (-) TimerEvent: {}
[14.903180] (-) TimerEvent: {}
[15.004982] (-) TimerEvent: {}
[15.106088] (-) TimerEvent: {}
[15.207407] (-) TimerEvent: {}
[15.310097] (-) TimerEvent: {}
[15.411298] (-) TimerEvent: {}
[15.512371] (-) TimerEvent: {}
[15.613546] (-) TimerEvent: {}
[15.714777] (-) TimerEvent: {}
[15.815930] (-) TimerEvent: {}
[15.917781] (-) TimerEvent: {}
[16.019968] (-) TimerEvent: {}
[16.121907] (-) TimerEvent: {}
[16.223679] (-) TimerEvent: {}
[16.325734] (-) TimerEvent: {}
[16.428070] (-) TimerEvent: {}
[16.529299] (-) TimerEvent: {}
[16.630857] (-) TimerEvent: {}
[16.736912] (-) TimerEvent: {}
[16.838045] (-) TimerEvent: {}
[16.939435] (-) TimerEvent: {}
[17.046414] (-) TimerEvent: {}
[17.147720] (-) TimerEvent: {}
[17.248627] (-) TimerEvent: {}
[17.349694] (-) TimerEvent: {}
[17.452163] (-) TimerEvent: {}
[17.554720] (-) TimerEvent: {}
[17.657408] (-) TimerEvent: {}
[17.759854] (-) TimerEvent: {}
[17.861987] (-) TimerEvent: {}
[17.964540] (-) TimerEvent: {}
[18.066352] (-) TimerEvent: {}
[18.167483] (-) TimerEvent: {}
[18.268993] (-) TimerEvent: {}
[18.370164] (-) TimerEvent: {}
[18.471679] (-) TimerEvent: {}
[18.573117] (-) TimerEvent: {}
[18.674774] (-) TimerEvent: {}
[18.775997] (-) TimerEvent: {}
[18.876965] (-) TimerEvent: {}
[18.978066] (-) TimerEvent: {}
[19.079069] (-) TimerEvent: {}
[19.180099] (-) TimerEvent: {}
[19.281204] (-) TimerEvent: {}
[19.382431] (-) TimerEvent: {}
[19.484220] (-) TimerEvent: {}
[19.585118] (-) TimerEvent: {}
[19.686420] (-) TimerEvent: {}
[19.787758] (-) TimerEvent: {}
[19.880418] (ydlidar_ros2_driver) StderrLine: {'line': b'\x1b[01m\x1b[K/home/ubuntu/slam_project/agv2_ws/src/ydlidar_ros2_driver/src/ydlidar_ros2_driver_node.cpp:\x1b[m\x1b[K In function \xe2\x80\x98\x1b[01m\x1b[Kint main(int, char**)\x1b[m\x1b[K\xe2\x80\x99:\n'}
[20.068801] (-) TimerEvent: {}
[20.072181] (ydlidar_ros2_driver) StderrLine: {'line': b'\x1b[01m\x1b[K/home/ubuntu/slam_project/agv2_ws/src/ydlidar_ros2_driver/src/ydlidar_ros2_driver_node.cpp:44:26:\x1b[m\x1b[K \x1b[01;31m\x1b[Kerror: \x1b[m\x1b[Kno matching function for call to \xe2\x80\x98\x1b[01m\x1b[Krclcpp::Node::declare_parameter(const char [5])\x1b[m\x1b[K\xe2\x80\x99\n'}
[20.082781] (ydlidar_ros2_driver) StderrLine: {'line': b'   44 |   \x1b[01;31m\x1b[Knode->declare_parameter("port")\x1b[m\x1b[K;\n'}
[20.085326] (ydlidar_ros2_driver) StderrLine: {'line': b'      |   \x1b[01;31m\x1b[K~~~~~~~~~~~~~~~~~~~~~~~^~~~~~~~\x1b[m\x1b[K\n'}
[20.092458] (ydlidar_ros2_driver) StderrLine: {'line': b'In file included from \x1b[01m\x1b[K/opt/ros/humble/include/rclcpp/rclcpp/executors/single_threaded_executor.hpp:28\x1b[m\x1b[K,\n'}
[20.093923] (ydlidar_ros2_driver) StderrLine: {'line': b'                 from \x1b[01m\x1b[K/opt/ros/humble/include/rclcpp/rclcpp/executors.hpp:22\x1b[m\x1b[K,\n'}
[20.095310] (ydlidar_ros2_driver) StderrLine: {'line': b'                 from \x1b[01m\x1b[K/opt/ros/humble/include/rclcpp/rclcpp/rclcpp.hpp:155\x1b[m\x1b[K,\n'}
[20.096991] (ydlidar_ros2_driver) StderrLine: {'line': b'                 from \x1b[01m\x1b[K/home/ubuntu/slam_project/agv2_ws/src/ydlidar_ros2_driver/src/ydlidar_ros2_driver_node.cpp:23\x1b[m\x1b[K:\n'}
[20.099810] (ydlidar_ros2_driver) StderrLine: {'line': b'\x1b[01m\x1b[K/opt/ros/humble/include/rclcpp/rclcpp/node.hpp:421:3:\x1b[m\x1b[K \x1b[01;36m\x1b[Knote: \x1b[m\x1b[Kcandidate: \xe2\x80\x98\x1b[01m\x1b[Ktemplate<class ParameterT> auto rclcpp::Node::declare_parameter(const string&, const ParameterT&, const ParameterDescriptor&, bool)\x1b[m\x1b[K\xe2\x80\x99\n'}
[20.108707] (ydlidar_ros2_driver) StderrLine: {'line': b'  421 |   \x1b[01;36m\x1b[Kdeclare_parameter\x1b[m\x1b[K(\n'}
[20.110375] (ydlidar_ros2_driver) StderrLine: {'line': b'      |   \x1b[01;36m\x1b[K^~~~~~~~~~~~~~~~~\x1b[m\x1b[K\n'}
[20.111969] (ydlidar_ros2_driver) StderrLine: {'line': b'\x1b[01m\x1b[K/opt/ros/humble/include/rclcpp/rclcpp/node.hpp:421:3:\x1b[m\x1b[K \x1b[01;36m\x1b[Knote: \x1b[m\x1b[K  template argument deduction/substitution failed:\n'}
[20.119271] (ydlidar_ros2_driver) StderrLine: {'line': b'\x1b[01m\x1b[K/home/ubuntu/slam_project/agv2_ws/src/ydlidar_ros2_driver/src/ydlidar_ros2_driver_node.cpp:44:26:\x1b[m\x1b[K \x1b[01;36m\x1b[Knote: \x1b[m\x1b[K  candidate expects 4 arguments, 1 provided\n'}
[20.121242] (ydlidar_ros2_driver) StderrLine: {'line': b'   44 |   \x1b[01;36m\x1b[Knode->declare_parameter("port")\x1b[m\x1b[K;\n'}
[20.122410] (ydlidar_ros2_driver) StderrLine: {'line': b'      |   \x1b[01;36m\x1b[K~~~~~~~~~~~~~~~~~~~~~~~^~~~~~~~\x1b[m\x1b[K\n'}
[20.124445] (ydlidar_ros2_driver) StderrLine: {'line': b'In file included from \x1b[01m\x1b[K/opt/ros/humble/include/rclcpp/rclcpp/executors/single_threaded_executor.hpp:28\x1b[m\x1b[K,\n'}
[20.126028] (ydlidar_ros2_driver) StderrLine: {'line': b'                 from \x1b[01m\x1b[K/opt/ros/humble/include/rclcpp/rclcpp/executors.hpp:22\x1b[m\x1b[K,\n'}
[20.127844] (ydlidar_ros2_driver) StderrLine: {'line': b'                 from \x1b[01m\x1b[K/opt/ros/humble/include/rclcpp/rclcpp/rclcpp.hpp:155\x1b[m\x1b[K,\n'}
[20.130332] (ydlidar_ros2_driver) StderrLine: {'line': b'                 from \x1b[01m\x1b[K/home/ubuntu/slam_project/agv2_ws/src/ydlidar_ros2_driver/src/ydlidar_ros2_driver_node.cpp:23\x1b[m\x1b[K:\n'}
[20.131963] (ydlidar_ros2_driver) StderrLine: {'line': b'\x1b[01m\x1b[K/opt/ros/humble/include/rclcpp/rclcpp/node.hpp:434:3:\x1b[m\x1b[K \x1b[01;36m\x1b[Knote: \x1b[m\x1b[Kcandidate: \xe2\x80\x98\x1b[01m\x1b[Ktemplate<class ParameterT> auto rclcpp::Node::declare_parameter(const string&, const ParameterDescriptor&, bool)\x1b[m\x1b[K\xe2\x80\x99\n'}
[20.133525] (ydlidar_ros2_driver) StderrLine: {'line': b'  434 |   \x1b[01;36m\x1b[Kdeclare_parameter\x1b[m\x1b[K(\n'}
[20.135344] (ydlidar_ros2_driver) StderrLine: {'line': b'      |   \x1b[01;36m\x1b[K^~~~~~~~~~~~~~~~~\x1b[m\x1b[K\n'}
[20.138375] (ydlidar_ros2_driver) StderrLine: {'line': b'\x1b[01m\x1b[K/opt/ros/humble/include/rclcpp/rclcpp/node.hpp:434:3:\x1b[m\x1b[K \x1b[01;36m\x1b[Knote: \x1b[m\x1b[K  template argument deduction/substitution failed:\n'}
[20.139902] (ydlidar_ros2_driver) StderrLine: {'line': b'\x1b[01m\x1b[K/home/ubuntu/slam_project/agv2_ws/src/ydlidar_ros2_driver/src/ydlidar_ros2_driver_node.cpp:44:26:\x1b[m\x1b[K \x1b[01;36m\x1b[Knote: \x1b[m\x1b[K  couldn\xe2\x80\x99t deduce template parameter \xe2\x80\x98\x1b[01m\x1b[KParameterT\x1b[m\x1b[K\xe2\x80\x99\n'}
[20.141018] (ydlidar_ros2_driver) StderrLine: {'line': b'   44 |   \x1b[01;36m\x1b[Knode->declare_parameter("port")\x1b[m\x1b[K;\n'}
[20.142679] (ydlidar_ros2_driver) StderrLine: {'line': b'      |   \x1b[01;36m\x1b[K~~~~~~~~~~~~~~~~~~~~~~~^~~~~~~~\x1b[m\x1b[K\n'}
[20.144066] (ydlidar_ros2_driver) StderrLine: {'line': b'In file included from \x1b[01m\x1b[K/opt/ros/humble/include/rclcpp/rclcpp/executors/single_threaded_executor.hpp:28\x1b[m\x1b[K,\n'}
[20.146778] (ydlidar_ros2_driver) StderrLine: {'line': b'                 from \x1b[01m\x1b[K/opt/ros/humble/include/rclcpp/rclcpp/executors.hpp:22\x1b[m\x1b[K,\n'}
[20.147869] (ydlidar_ros2_driver) StderrLine: {'line': b'                 from \x1b[01m\x1b[K/opt/ros/humble/include/rclcpp/rclcpp/rclcpp.hpp:155\x1b[m\x1b[K,\n'}
[20.149111] (ydlidar_ros2_driver) StderrLine: {'line': b'                 from \x1b[01m\x1b[K/home/ubuntu/slam_project/agv2_ws/src/ydlidar_ros2_driver/src/ydlidar_ros2_driver_node.cpp:23\x1b[m\x1b[K:\n'}
[20.150665] (ydlidar_ros2_driver) StderrLine: {'line': b'\x1b[01m\x1b[K/opt/ros/humble/include/rclcpp/rclcpp/node.hpp:366:3:\x1b[m\x1b[K \x1b[01;36m\x1b[Knote: \x1b[m\x1b[Kcandidate: \xe2\x80\x98\x1b[01m\x1b[Kconst rclcpp::ParameterValue& rclcpp::Node::declare_parameter(const string&, const rclcpp::ParameterValue&, const ParameterDescriptor&, bool)\x1b[m\x1b[K\xe2\x80\x99\n'}
[20.155816] (ydlidar_ros2_driver) StderrLine: {'line': b'  366 |   \x1b[01;36m\x1b[Kdeclare_parameter\x1b[m\x1b[K(\n'}
[20.158020] (ydlidar_ros2_driver) StderrLine: {'line': b'      |   \x1b[01;36m\x1b[K^~~~~~~~~~~~~~~~~\x1b[m\x1b[K\n'}
[20.160818] (ydlidar_ros2_driver) StderrLine: {'line': b'\x1b[01m\x1b[K/opt/ros/humble/include/rclcpp/rclcpp/node.hpp:366:3:\x1b[m\x1b[K \x1b[01;36m\x1b[Knote: \x1b[m\x1b[K  candidate expects 4 arguments, 1 provided\n'}
[20.163053] (ydlidar_ros2_driver) StderrLine: {'line': b'\x1b[01m\x1b[K/opt/ros/humble/include/rclcpp/rclcpp/node.hpp:391:3:\x1b[m\x1b[K \x1b[01;36m\x1b[Knote: \x1b[m\x1b[Kcandidate: \xe2\x80\x98\x1b[01m\x1b[Kconst rclcpp::ParameterValue& rclcpp::Node::declare_parameter(const string&, rclcpp::ParameterType, const ParameterDescriptor&, bool)\x1b[m\x1b[K\xe2\x80\x99\n'}
[20.165796] (ydlidar_ros2_driver) StderrLine: {'line': b'  391 |   \x1b[01;36m\x1b[Kdeclare_parameter\x1b[m\x1b[K(\n'}
[20.167915] (ydlidar_ros2_driver) StderrLine: {'line': b'      |   \x1b[01;36m\x1b[K^~~~~~~~~~~~~~~~~\x1b[m\x1b[K\n'}
[20.169917] (-) TimerEvent: {}
[20.172197] (ydlidar_ros2_driver) StderrLine: {'line': b'\x1b[01m\x1b[K/opt/ros/humble/include/rclcpp/rclcpp/node.hpp:391:3:\x1b[m\x1b[K \x1b[01;36m\x1b[Knote: \x1b[m\x1b[K  candidate expects 4 arguments, 1 provided\n'}
[20.173318] (ydlidar_ros2_driver) StderrLine: {'line': b'\x1b[01m\x1b[K/home/ubuntu/slam_project/agv2_ws/src/ydlidar_ros2_driver/src/ydlidar_ros2_driver_node.cpp:51:26:\x1b[m\x1b[K \x1b[01;31m\x1b[Kerror: \x1b[m\x1b[Kno matching function for call to \xe2\x80\x98\x1b[01m\x1b[Krclcpp::Node::declare_parameter(const char [13])\x1b[m\x1b[K\xe2\x80\x99\n'}
[20.175451] (ydlidar_ros2_driver) StderrLine: {'line': b'   51 |   \x1b[01;31m\x1b[Knode->declare_parameter("ignore_array")\x1b[m\x1b[K;\n'}
[20.177878] (ydlidar_ros2_driver) StderrLine: {'line': b'      |   \x1b[01;31m\x1b[K~~~~~~~~~~~~~~~~~~~~~~~^~~~~~~~~~~~~~~~\x1b[m\x1b[K\n'}
[20.179738] (ydlidar_ros2_driver) StderrLine: {'line': b'In file included from \x1b[01m\x1b[K/opt/ros/humble/include/rclcpp/rclcpp/executors/single_threaded_executor.hpp:28\x1b[m\x1b[K,\n'}
[20.182300] (ydlidar_ros2_driver) StderrLine: {'line': b'                 from \x1b[01m\x1b[K/opt/ros/humble/include/rclcpp/rclcpp/executors.hpp:22\x1b[m\x1b[K,\n'}
[20.184509] (ydlidar_ros2_driver) StderrLine: {'line': b'                 from \x1b[01m\x1b[K/opt/ros/humble/include/rclcpp/rclcpp/rclcpp.hpp:155\x1b[m\x1b[K,\n'}
[20.186578] (ydlidar_ros2_driver) StderrLine: {'line': b'                 from \x1b[01m\x1b[K/home/ubuntu/slam_project/agv2_ws/src/ydlidar_ros2_driver/src/ydlidar_ros2_driver_node.cpp:23\x1b[m\x1b[K:\n'}
[20.189731] (ydlidar_ros2_driver) StderrLine: {'line': b'\x1b[01m\x1b[K/opt/ros/humble/include/rclcpp/rclcpp/node.hpp:421:3:\x1b[m\x1b[K \x1b[01;36m\x1b[Knote: \x1b[m\x1b[Kcandidate: \xe2\x80\x98\x1b[01m\x1b[Ktemplate<class ParameterT> auto rclcpp::Node::declare_parameter(const string&, const ParameterT&, const ParameterDescriptor&, bool)\x1b[m\x1b[K\xe2\x80\x99\n'}
[20.191790] (ydlidar_ros2_driver) StderrLine: {'line': b'  421 |   \x1b[01;36m\x1b[Kdeclare_parameter\x1b[m\x1b[K(\n'}
[20.194824] (ydlidar_ros2_driver) StderrLine: {'line': b'      |   \x1b[01;36m\x1b[K^~~~~~~~~~~~~~~~~\x1b[m\x1b[K\n'}
[20.198585] (ydlidar_ros2_driver) StderrLine: {'line': b'\x1b[01m\x1b[K/opt/ros/humble/include/rclcpp/rclcpp/node.hpp:421:3:\x1b[m\x1b[K \x1b[01;36m\x1b[Knote: \x1b[m\x1b[K  template argument deduction/substitution failed:\n'}
[20.200342] (ydlidar_ros2_driver) StderrLine: {'line': b'\x1b[01m\x1b[K/home/ubuntu/slam_project/agv2_ws/src/ydlidar_ros2_driver/src/ydlidar_ros2_driver_node.cpp:51:26:\x1b[m\x1b[K \x1b[01;36m\x1b[Knote: \x1b[m\x1b[K  candidate expects 4 arguments, 1 provided\n'}
[20.201703] (ydlidar_ros2_driver) StderrLine: {'line': b'   51 |   \x1b[01;36m\x1b[Knode->declare_parameter("ignore_array")\x1b[m\x1b[K;\n'}
[20.202910] (ydlidar_ros2_driver) StderrLine: {'line': b'      |   \x1b[01;36m\x1b[K~~~~~~~~~~~~~~~~~~~~~~~^~~~~~~~~~~~~~~~\x1b[m\x1b[K\n'}
[20.204451] (ydlidar_ros2_driver) StderrLine: {'line': b'In file included from \x1b[01m\x1b[K/opt/ros/humble/include/rclcpp/rclcpp/executors/single_threaded_executor.hpp:28\x1b[m\x1b[K,\n'}
[20.206070] (ydlidar_ros2_driver) StderrLine: {'line': b'                 from \x1b[01m\x1b[K/opt/ros/humble/include/rclcpp/rclcpp/executors.hpp:22\x1b[m\x1b[K,\n'}
[20.207588] (ydlidar_ros2_driver) StderrLine: {'line': b'                 from \x1b[01m\x1b[K/opt/ros/humble/include/rclcpp/rclcpp/rclcpp.hpp:155\x1b[m\x1b[K,\n'}
[20.209178] (ydlidar_ros2_driver) StderrLine: {'line': b'                 from \x1b[01m\x1b[K/home/ubuntu/slam_project/agv2_ws/src/ydlidar_ros2_driver/src/ydlidar_ros2_driver_node.cpp:23\x1b[m\x1b[K:\n'}
[20.210842] (ydlidar_ros2_driver) StderrLine: {'line': b'\x1b[01m\x1b[K/opt/ros/humble/include/rclcpp/rclcpp/node.hpp:434:3:\x1b[m\x1b[K \x1b[01;36m\x1b[Knote: \x1b[m\x1b[Kcandidate: \xe2\x80\x98\x1b[01m\x1b[Ktemplate<class ParameterT> auto rclcpp::Node::declare_parameter(const string&, const ParameterDescriptor&, bool)\x1b[m\x1b[K\xe2\x80\x99\n'}
[20.212324] (ydlidar_ros2_driver) StderrLine: {'line': b'  434 |   \x1b[01;36m\x1b[Kdeclare_parameter\x1b[m\x1b[K(\n'}
[20.213903] (ydlidar_ros2_driver) StderrLine: {'line': b'      |   \x1b[01;36m\x1b[K^~~~~~~~~~~~~~~~~\x1b[m\x1b[K\n'}
[20.216017] (ydlidar_ros2_driver) StderrLine: {'line': b'\x1b[01m\x1b[K/opt/ros/humble/include/rclcpp/rclcpp/node.hpp:434:3:\x1b[m\x1b[K \x1b[01;36m\x1b[Knote: \x1b[m\x1b[K  template argument deduction/substitution failed:\n'}
[20.217567] (ydlidar_ros2_driver) StderrLine: {'line': b'\x1b[01m\x1b[K/home/ubuntu/slam_project/agv2_ws/src/ydlidar_ros2_driver/src/ydlidar_ros2_driver_node.cpp:51:26:\x1b[m\x1b[K \x1b[01;36m\x1b[Knote: \x1b[m\x1b[K  couldn\xe2\x80\x99t deduce template parameter \xe2\x80\x98\x1b[01m\x1b[KParameterT\x1b[m\x1b[K\xe2\x80\x99\n'}
[20.219466] (ydlidar_ros2_driver) StderrLine: {'line': b'   51 |   \x1b[01;36m\x1b[Knode->declare_parameter("ignore_array")\x1b[m\x1b[K;\n'}
[20.221225] (ydlidar_ros2_driver) StderrLine: {'line': b'      |   \x1b[01;36m\x1b[K~~~~~~~~~~~~~~~~~~~~~~~^~~~~~~~~~~~~~~~\x1b[m\x1b[K\n'}
[20.222439] (ydlidar_ros2_driver) StderrLine: {'line': b'In file included from \x1b[01m\x1b[K/opt/ros/humble/include/rclcpp/rclcpp/executors/single_threaded_executor.hpp:28\x1b[m\x1b[K,\n'}
[20.223727] (ydlidar_ros2_driver) StderrLine: {'line': b'                 from \x1b[01m\x1b[K/opt/ros/humble/include/rclcpp/rclcpp/executors.hpp:22\x1b[m\x1b[K,\n'}
[20.226631] (ydlidar_ros2_driver) StderrLine: {'line': b'                 from \x1b[01m\x1b[K/opt/ros/humble/include/rclcpp/rclcpp/rclcpp.hpp:155\x1b[m\x1b[K,\n'}
[20.228000] (ydlidar_ros2_driver) StderrLine: {'line': b'                 from \x1b[01m\x1b[K/home/ubuntu/slam_project/agv2_ws/src/ydlidar_ros2_driver/src/ydlidar_ros2_driver_node.cpp:23\x1b[m\x1b[K:\n'}
[20.229165] (ydlidar_ros2_driver) StderrLine: {'line': b'\x1b[01m\x1b[K/opt/ros/humble/include/rclcpp/rclcpp/node.hpp:366:3:\x1b[m\x1b[K \x1b[01;36m\x1b[Knote: \x1b[m\x1b[Kcandidate: \xe2\x80\x98\x1b[01m\x1b[Kconst rclcpp::ParameterValue& rclcpp::Node::declare_parameter(const string&, const rclcpp::ParameterValue&, const ParameterDescriptor&, bool)\x1b[m\x1b[K\xe2\x80\x99\n'}
[20.230464] (ydlidar_ros2_driver) StderrLine: {'line': b'  366 |   \x1b[01;36m\x1b[Kdeclare_parameter\x1b[m\x1b[K(\n'}
[20.231599] (ydlidar_ros2_driver) StderrLine: {'line': b'      |   \x1b[01;36m\x1b[K^~~~~~~~~~~~~~~~~\x1b[m\x1b[K\n'}
[20.232640] (ydlidar_ros2_driver) StderrLine: {'line': b'\x1b[01m\x1b[K/opt/ros/humble/include/rclcpp/rclcpp/node.hpp:366:3:\x1b[m\x1b[K \x1b[01;36m\x1b[Knote: \x1b[m\x1b[K  candidate expects 4 arguments, 1 provided\n'}
[20.233625] (ydlidar_ros2_driver) StderrLine: {'line': b'\x1b[01m\x1b[K/opt/ros/humble/include/rclcpp/rclcpp/node.hpp:391:3:\x1b[m\x1b[K \x1b[01;36m\x1b[Knote: \x1b[m\x1b[Kcandidate: \xe2\x80\x98\x1b[01m\x1b[Kconst rclcpp::ParameterValue& rclcpp::Node::declare_parameter(const string&, rclcpp::ParameterType, const ParameterDescriptor&, bool)\x1b[m\x1b[K\xe2\x80\x99\n'}
[20.234820] (ydlidar_ros2_driver) StderrLine: {'line': b'  391 |   \x1b[01;36m\x1b[Kdeclare_parameter\x1b[m\x1b[K(\n'}
[20.236168] (ydlidar_ros2_driver) StderrLine: {'line': b'      |   \x1b[01;36m\x1b[K^~~~~~~~~~~~~~~~~\x1b[m\x1b[K\n'}
[20.237554] (ydlidar_ros2_driver) StderrLine: {'line': b'\x1b[01m\x1b[K/opt/ros/humble/include/rclcpp/rclcpp/node.hpp:391:3:\x1b[m\x1b[K \x1b[01;36m\x1b[Knote: \x1b[m\x1b[K  candidate expects 4 arguments, 1 provided\n'}
[20.238948] (ydlidar_ros2_driver) StderrLine: {'line': b'\x1b[01m\x1b[K/home/ubuntu/slam_project/agv2_ws/src/ydlidar_ros2_driver/src/ydlidar_ros2_driver_node.cpp:56:26:\x1b[m\x1b[K \x1b[01;31m\x1b[Kerror: \x1b[m\x1b[Kno matching function for call to \xe2\x80\x98\x1b[01m\x1b[Krclcpp::Node::declare_parameter(const char [9])\x1b[m\x1b[K\xe2\x80\x99\n'}
[20.240459] (ydlidar_ros2_driver) StderrLine: {'line': b'   56 |   \x1b[01;31m\x1b[Knode->declare_parameter("frame_id")\x1b[m\x1b[K;\n'}
[20.241880] (ydlidar_ros2_driver) StderrLine: {'line': b'      |   \x1b[01;31m\x1b[K~~~~~~~~~~~~~~~~~~~~~~~^~~~~~~~~~~~\x1b[m\x1b[K\n'}
[20.243439] (ydlidar_ros2_driver) StderrLine: {'line': b'In file included from \x1b[01m\x1b[K/opt/ros/humble/include/rclcpp/rclcpp/executors/single_threaded_executor.hpp:28\x1b[m\x1b[K,\n'}
[20.244950] (ydlidar_ros2_driver) StderrLine: {'line': b'                 from \x1b[01m\x1b[K/opt/ros/humble/include/rclcpp/rclcpp/executors.hpp:22\x1b[m\x1b[K,\n'}
[20.246522] (ydlidar_ros2_driver) StderrLine: {'line': b'                 from \x1b[01m\x1b[K/opt/ros/humble/include/rclcpp/rclcpp/rclcpp.hpp:155\x1b[m\x1b[K,\n'}
[20.248117] (ydlidar_ros2_driver) StderrLine: {'line': b'                 from \x1b[01m\x1b[K/home/ubuntu/slam_project/agv2_ws/src/ydlidar_ros2_driver/src/ydlidar_ros2_driver_node.cpp:23\x1b[m\x1b[K:\n'}
[20.249645] (ydlidar_ros2_driver) StderrLine: {'line': b'\x1b[01m\x1b[K/opt/ros/humble/include/rclcpp/rclcpp/node.hpp:421:3:\x1b[m\x1b[K \x1b[01;36m\x1b[Knote: \x1b[m\x1b[Kcandidate: \xe2\x80\x98\x1b[01m\x1b[Ktemplate<class ParameterT> auto rclcpp::Node::declare_parameter(const string&, const ParameterT&, const ParameterDescriptor&, bool)\x1b[m\x1b[K\xe2\x80\x99\n'}
[20.251201] (ydlidar_ros2_driver) StderrLine: {'line': b'  421 |   \x1b[01;36m\x1b[Kdeclare_parameter\x1b[m\x1b[K(\n'}
[20.252245] (ydlidar_ros2_driver) StderrLine: {'line': b'      |   \x1b[01;36m\x1b[K^~~~~~~~~~~~~~~~~\x1b[m\x1b[K\n'}
[20.253880] (ydlidar_ros2_driver) StderrLine: {'line': b'\x1b[01m\x1b[K/opt/ros/humble/include/rclcpp/rclcpp/node.hpp:421:3:\x1b[m\x1b[K \x1b[01;36m\x1b[Knote: \x1b[m\x1b[K  template argument deduction/substitution failed:\n'}
[20.255532] (ydlidar_ros2_driver) StderrLine: {'line': b'\x1b[01m\x1b[K/home/ubuntu/slam_project/agv2_ws/src/ydlidar_ros2_driver/src/ydlidar_ros2_driver_node.cpp:56:26:\x1b[m\x1b[K \x1b[01;36m\x1b[Knote: \x1b[m\x1b[K  candidate expects 4 arguments, 1 provided\n'}
[20.257063] (ydlidar_ros2_driver) StderrLine: {'line': b'   56 |   \x1b[01;36m\x1b[Knode->declare_parameter("frame_id")\x1b[m\x1b[K;\n'}
[20.258578] (ydlidar_ros2_driver) StderrLine: {'line': b'      |   \x1b[01;36m\x1b[K~~~~~~~~~~~~~~~~~~~~~~~^~~~~~~~~~~~\x1b[m\x1b[K\n'}
[20.260174] (ydlidar_ros2_driver) StderrLine: {'line': b'In file included from \x1b[01m\x1b[K/opt/ros/humble/include/rclcpp/rclcpp/executors/single_threaded_executor.hpp:28\x1b[m\x1b[K,\n'}
[20.261360] (ydlidar_ros2_driver) StderrLine: {'line': b'                 from \x1b[01m\x1b[K/opt/ros/humble/include/rclcpp/rclcpp/executors.hpp:22\x1b[m\x1b[K,\n'}
[20.262797] (ydlidar_ros2_driver) StderrLine: {'line': b'                 from \x1b[01m\x1b[K/opt/ros/humble/include/rclcpp/rclcpp/rclcpp.hpp:155\x1b[m\x1b[K,\n'}
[20.264460] (ydlidar_ros2_driver) StderrLine: {'line': b'                 from \x1b[01m\x1b[K/home/ubuntu/slam_project/agv2_ws/src/ydlidar_ros2_driver/src/ydlidar_ros2_driver_node.cpp:23\x1b[m\x1b[K:\n'}
[20.266055] (ydlidar_ros2_driver) StderrLine: {'line': b'\x1b[01m\x1b[K/opt/ros/humble/include/rclcpp/rclcpp/node.hpp:434:3:\x1b[m\x1b[K \x1b[01;36m\x1b[Knote: \x1b[m\x1b[Kcandidate: \xe2\x80\x98\x1b[01m\x1b[Ktemplate<class ParameterT> auto rclcpp::Node::declare_parameter(const string&, const ParameterDescriptor&, bool)\x1b[m\x1b[K\xe2\x80\x99\n'}
[20.267715] (ydlidar_ros2_driver) StderrLine: {'line': b'  434 |   \x1b[01;36m\x1b[Kdeclare_parameter\x1b[m\x1b[K(\n'}
[20.268884] (ydlidar_ros2_driver) StderrLine: {'line': b'      |   \x1b[01;36m\x1b[K^~~~~~~~~~~~~~~~~\x1b[m\x1b[K\n'}
[20.270283] (-) TimerEvent: {}
[20.271959] (ydlidar_ros2_driver) StderrLine: {'line': b'\x1b[01m\x1b[K/opt/ros/humble/include/rclcpp/rclcpp/node.hpp:434:3:\x1b[m\x1b[K \x1b[01;36m\x1b[Knote: \x1b[m\x1b[K  template argument deduction/substitution failed:\n'}
[20.273223] (ydlidar_ros2_driver) StderrLine: {'line': b'\x1b[01m\x1b[K/home/ubuntu/slam_project/agv2_ws/src/ydlidar_ros2_driver/src/ydlidar_ros2_driver_node.cpp:56:26:\x1b[m\x1b[K \x1b[01;36m\x1b[Knote: \x1b[m\x1b[K  couldn\xe2\x80\x99t deduce template parameter \xe2\x80\x98\x1b[01m\x1b[KParameterT\x1b[m\x1b[K\xe2\x80\x99\n'}
[20.274356] (ydlidar_ros2_driver) StderrLine: {'line': b'   56 |   \x1b[01;36m\x1b[Knode->declare_parameter("frame_id")\x1b[m\x1b[K;\n'}
[20.275438] (ydlidar_ros2_driver) StderrLine: {'line': b'      |   \x1b[01;36m\x1b[K~~~~~~~~~~~~~~~~~~~~~~~^~~~~~~~~~~~\x1b[m\x1b[K\n'}
[20.276504] (ydlidar_ros2_driver) StderrLine: {'line': b'In file included from \x1b[01m\x1b[K/opt/ros/humble/include/rclcpp/rclcpp/executors/single_threaded_executor.hpp:28\x1b[m\x1b[K,\n'}
[20.277541] (ydlidar_ros2_driver) StderrLine: {'line': b'                 from \x1b[01m\x1b[K/opt/ros/humble/include/rclcpp/rclcpp/executors.hpp:22\x1b[m\x1b[K,\n'}
[20.278558] (ydlidar_ros2_driver) StderrLine: {'line': b'                 from \x1b[01m\x1b[K/opt/ros/humble/include/rclcpp/rclcpp/rclcpp.hpp:155\x1b[m\x1b[K,\n'}
[20.279657] (ydlidar_ros2_driver) StderrLine: {'line': b'                 from \x1b[01m\x1b[K/home/ubuntu/slam_project/agv2_ws/src/ydlidar_ros2_driver/src/ydlidar_ros2_driver_node.cpp:23\x1b[m\x1b[K:\n'}
[20.280644] (ydlidar_ros2_driver) StderrLine: {'line': b'\x1b[01m\x1b[K/opt/ros/humble/include/rclcpp/rclcpp/node.hpp:366:3:\x1b[m\x1b[K \x1b[01;36m\x1b[Knote: \x1b[m\x1b[Kcandidate: \xe2\x80\x98\x1b[01m\x1b[Kconst rclcpp::ParameterValue& rclcpp::Node::declare_parameter(const string&, const rclcpp::ParameterValue&, const ParameterDescriptor&, bool)\x1b[m\x1b[K\xe2\x80\x99\n'}
[20.283568] (ydlidar_ros2_driver) StderrLine: {'line': b'  366 |   \x1b[01;36m\x1b[Kdeclare_parameter\x1b[m\x1b[K(\n'}
[20.285170] (ydlidar_ros2_driver) StderrLine: {'line': b'      |   \x1b[01;36m\x1b[K^~~~~~~~~~~~~~~~~\x1b[m\x1b[K\n'}
[20.286663] (ydlidar_ros2_driver) StderrLine: {'line': b'\x1b[01m\x1b[K/opt/ros/humble/include/rclcpp/rclcpp/node.hpp:366:3:\x1b[m\x1b[K \x1b[01;36m\x1b[Knote: \x1b[m\x1b[K  candidate expects 4 arguments, 1 provided\n'}
[20.288388] (ydlidar_ros2_driver) StderrLine: {'line': b'\x1b[01m\x1b[K/opt/ros/humble/include/rclcpp/rclcpp/node.hpp:391:3:\x1b[m\x1b[K \x1b[01;36m\x1b[Knote: \x1b[m\x1b[Kcandidate: \xe2\x80\x98\x1b[01m\x1b[Kconst rclcpp::ParameterValue& rclcpp::Node::declare_parameter(const string&, rclcpp::ParameterType, const ParameterDescriptor&, bool)\x1b[m\x1b[K\xe2\x80\x99\n'}
[20.290009] (ydlidar_ros2_driver) StderrLine: {'line': b'  391 |   \x1b[01;36m\x1b[Kdeclare_parameter\x1b[m\x1b[K(\n'}
[20.291194] (ydlidar_ros2_driver) StderrLine: {'line': b'      |   \x1b[01;36m\x1b[K^~~~~~~~~~~~~~~~~\x1b[m\x1b[K\n'}
[20.292277] (ydlidar_ros2_driver) StderrLine: {'line': b'\x1b[01m\x1b[K/opt/ros/humble/include/rclcpp/rclcpp/node.hpp:391:3:\x1b[m\x1b[K \x1b[01;36m\x1b[Knote: \x1b[m\x1b[K  candidate expects 4 arguments, 1 provided\n'}
[20.293803] (ydlidar_ros2_driver) StderrLine: {'line': b'\x1b[01m\x1b[K/home/ubuntu/slam_project/agv2_ws/src/ydlidar_ros2_driver/src/ydlidar_ros2_driver_node.cpp:62:26:\x1b[m\x1b[K \x1b[01;31m\x1b[Kerror: \x1b[m\x1b[Kno matching function for call to \xe2\x80\x98\x1b[01m\x1b[Krclcpp::Node::declare_parameter(const char [9])\x1b[m\x1b[K\xe2\x80\x99\n'}
[20.295328] (ydlidar_ros2_driver) StderrLine: {'line': b'   62 |   \x1b[01;31m\x1b[Knode->declare_parameter("baudrate")\x1b[m\x1b[K;\n'}
[20.296824] (ydlidar_ros2_driver) StderrLine: {'line': b'      |   \x1b[01;31m\x1b[K~~~~~~~~~~~~~~~~~~~~~~~^~~~~~~~~~~~\x1b[m\x1b[K\n'}
[20.298203] (ydlidar_ros2_driver) StderrLine: {'line': b'In file included from \x1b[01m\x1b[K/opt/ros/humble/include/rclcpp/rclcpp/executors/single_threaded_executor.hpp:28\x1b[m\x1b[K,\n'}
[20.299944] (ydlidar_ros2_driver) StderrLine: {'line': b'                 from \x1b[01m\x1b[K/opt/ros/humble/include/rclcpp/rclcpp/executors.hpp:22\x1b[m\x1b[K,\n'}
[20.301378] (ydlidar_ros2_driver) StderrLine: {'line': b'                 from \x1b[01m\x1b[K/opt/ros/humble/include/rclcpp/rclcpp/rclcpp.hpp:155\x1b[m\x1b[K,\n'}
[20.302891] (ydlidar_ros2_driver) StderrLine: {'line': b'                 from \x1b[01m\x1b[K/home/ubuntu/slam_project/agv2_ws/src/ydlidar_ros2_driver/src/ydlidar_ros2_driver_node.cpp:23\x1b[m\x1b[K:\n'}
[20.304429] (ydlidar_ros2_driver) StderrLine: {'line': b'\x1b[01m\x1b[K/opt/ros/humble/include/rclcpp/rclcpp/node.hpp:421:3:\x1b[m\x1b[K \x1b[01;36m\x1b[Knote: \x1b[m\x1b[Kcandidate: \xe2\x80\x98\x1b[01m\x1b[Ktemplate<class ParameterT> auto rclcpp::Node::declare_parameter(const string&, const ParameterT&, const ParameterDescriptor&, bool)\x1b[m\x1b[K\xe2\x80\x99\n'}
[20.306002] (ydlidar_ros2_driver) StderrLine: {'line': b'  421 |   \x1b[01;36m\x1b[Kdeclare_parameter\x1b[m\x1b[K(\n'}
[20.307728] (ydlidar_ros2_driver) StderrLine: {'line': b'      |   \x1b[01;36m\x1b[K^~~~~~~~~~~~~~~~~\x1b[m\x1b[K\n'}
[20.309212] (ydlidar_ros2_driver) StderrLine: {'line': b'\x1b[01m\x1b[K/opt/ros/humble/include/rclcpp/rclcpp/node.hpp:421:3:\x1b[m\x1b[K \x1b[01;36m\x1b[Knote: \x1b[m\x1b[K  template argument deduction/substitution failed:\n'}
[20.310291] (ydlidar_ros2_driver) StderrLine: {'line': b'\x1b[01m\x1b[K/home/ubuntu/slam_project/agv2_ws/src/ydlidar_ros2_driver/src/ydlidar_ros2_driver_node.cpp:62:26:\x1b[m\x1b[K \x1b[01;36m\x1b[Knote: \x1b[m\x1b[K  candidate expects 4 arguments, 1 provided\n'}
[20.311985] (ydlidar_ros2_driver) StderrLine: {'line': b'   62 |   \x1b[01;36m\x1b[Knode->declare_parameter("baudrate")\x1b[m\x1b[K;\n'}
[20.313515] (ydlidar_ros2_driver) StderrLine: {'line': b'      |   \x1b[01;36m\x1b[K~~~~~~~~~~~~~~~~~~~~~~~^~~~~~~~~~~~\x1b[m\x1b[K\n'}
[20.315014] (ydlidar_ros2_driver) StderrLine: {'line': b'In file included from \x1b[01m\x1b[K/opt/ros/humble/include/rclcpp/rclcpp/executors/single_threaded_executor.hpp:28\x1b[m\x1b[K,\n'}
[20.316572] (ydlidar_ros2_driver) StderrLine: {'line': b'                 from \x1b[01m\x1b[K/opt/ros/humble/include/rclcpp/rclcpp/executors.hpp:22\x1b[m\x1b[K,\n'}
[20.318140] (ydlidar_ros2_driver) StderrLine: {'line': b'                 from \x1b[01m\x1b[K/opt/ros/humble/include/rclcpp/rclcpp/rclcpp.hpp:155\x1b[m\x1b[K,\n'}
[20.319497] (ydlidar_ros2_driver) StderrLine: {'line': b'                 from \x1b[01m\x1b[K/home/ubuntu/slam_project/agv2_ws/src/ydlidar_ros2_driver/src/ydlidar_ros2_driver_node.cpp:23\x1b[m\x1b[K:\n'}
[20.320665] (ydlidar_ros2_driver) StderrLine: {'line': b'\x1b[01m\x1b[K/opt/ros/humble/include/rclcpp/rclcpp/node.hpp:434:3:\x1b[m\x1b[K \x1b[01;36m\x1b[Knote: \x1b[m\x1b[Kcandidate: \xe2\x80\x98\x1b[01m\x1b[Ktemplate<class ParameterT> auto rclcpp::Node::declare_parameter(const string&, const ParameterDescriptor&, bool)\x1b[m\x1b[K\xe2\x80\x99\n'}
[20.322084] (ydlidar_ros2_driver) StderrLine: {'line': b'  434 |   \x1b[01;36m\x1b[Kdeclare_parameter\x1b[m\x1b[K(\n'}
[20.323560] (ydlidar_ros2_driver) StderrLine: {'line': b'      |   \x1b[01;36m\x1b[K^~~~~~~~~~~~~~~~~\x1b[m\x1b[K\n'}
[20.325259] (ydlidar_ros2_driver) StderrLine: {'line': b'\x1b[01m\x1b[K/opt/ros/humble/include/rclcpp/rclcpp/node.hpp:434:3:\x1b[m\x1b[K \x1b[01;36m\x1b[Knote: \x1b[m\x1b[K  template argument deduction/substitution failed:\n'}
[20.326840] (ydlidar_ros2_driver) StderrLine: {'line': b'\x1b[01m\x1b[K/home/ubuntu/slam_project/agv2_ws/src/ydlidar_ros2_driver/src/ydlidar_ros2_driver_node.cpp:62:26:\x1b[m\x1b[K \x1b[01;36m\x1b[Knote: \x1b[m\x1b[K  couldn\xe2\x80\x99t deduce template parameter \xe2\x80\x98\x1b[01m\x1b[KParameterT\x1b[m\x1b[K\xe2\x80\x99\n'}
[20.328311] (ydlidar_ros2_driver) StderrLine: {'line': b'   62 |   \x1b[01;36m\x1b[Knode->declare_parameter("baudrate")\x1b[m\x1b[K;\n'}
[20.329516] (ydlidar_ros2_driver) StderrLine: {'line': b'      |   \x1b[01;36m\x1b[K~~~~~~~~~~~~~~~~~~~~~~~^~~~~~~~~~~~\x1b[m\x1b[K\n'}
[20.330561] (ydlidar_ros2_driver) StderrLine: {'line': b'In file included from \x1b[01m\x1b[K/opt/ros/humble/include/rclcpp/rclcpp/executors/single_threaded_executor.hpp:28\x1b[m\x1b[K,\n'}
[20.331924] (ydlidar_ros2_driver) StderrLine: {'line': b'                 from \x1b[01m\x1b[K/opt/ros/humble/include/rclcpp/rclcpp/executors.hpp:22\x1b[m\x1b[K,\n'}
[20.333545] (ydlidar_ros2_driver) StderrLine: {'line': b'                 from \x1b[01m\x1b[K/opt/ros/humble/include/rclcpp/rclcpp/rclcpp.hpp:155\x1b[m\x1b[K,\n'}
[20.335143] (ydlidar_ros2_driver) StderrLine: {'line': b'                 from \x1b[01m\x1b[K/home/ubuntu/slam_project/agv2_ws/src/ydlidar_ros2_driver/src/ydlidar_ros2_driver_node.cpp:23\x1b[m\x1b[K:\n'}
[20.336413] (ydlidar_ros2_driver) StderrLine: {'line': b'\x1b[01m\x1b[K/opt/ros/humble/include/rclcpp/rclcpp/node.hpp:366:3:\x1b[m\x1b[K \x1b[01;36m\x1b[Knote: \x1b[m\x1b[Kcandidate: \xe2\x80\x98\x1b[01m\x1b[Kconst rclcpp::ParameterValue& rclcpp::Node::declare_parameter(const string&, const rclcpp::ParameterValue&, const ParameterDescriptor&, bool)\x1b[m\x1b[K\xe2\x80\x99\n'}
[20.337703] (ydlidar_ros2_driver) StderrLine: {'line': b'  366 |   \x1b[01;36m\x1b[Kdeclare_parameter\x1b[m\x1b[K(\n'}
[20.338845] (ydlidar_ros2_driver) StderrLine: {'line': b'      |   \x1b[01;36m\x1b[K^~~~~~~~~~~~~~~~~\x1b[m\x1b[K\n'}
[20.339832] (ydlidar_ros2_driver) StderrLine: {'line': b'\x1b[01m\x1b[K/opt/ros/humble/include/rclcpp/rclcpp/node.hpp:366:3:\x1b[m\x1b[K \x1b[01;36m\x1b[Knote: \x1b[m\x1b[K  candidate expects 4 arguments, 1 provided\n'}
[20.340613] (ydlidar_ros2_driver) StderrLine: {'line': b'\x1b[01m\x1b[K/opt/ros/humble/include/rclcpp/rclcpp/node.hpp:391:3:\x1b[m\x1b[K \x1b[01;36m\x1b[Knote: \x1b[m\x1b[Kcandidate: \xe2\x80\x98\x1b[01m\x1b[Kconst rclcpp::ParameterValue& rclcpp::Node::declare_parameter(const string&, rclcpp::ParameterType, const ParameterDescriptor&, bool)\x1b[m\x1b[K\xe2\x80\x99\n'}
[20.341693] (ydlidar_ros2_driver) StderrLine: {'line': b'  391 |   \x1b[01;36m\x1b[Kdeclare_parameter\x1b[m\x1b[K(\n'}
[20.342778] (ydlidar_ros2_driver) StderrLine: {'line': b'      |   \x1b[01;36m\x1b[K^~~~~~~~~~~~~~~~~\x1b[m\x1b[K\n'}
[20.343856] (ydlidar_ros2_driver) StderrLine: {'line': b'\x1b[01m\x1b[K/opt/ros/humble/include/rclcpp/rclcpp/node.hpp:391:3:\x1b[m\x1b[K \x1b[01;36m\x1b[Knote: \x1b[m\x1b[K  candidate expects 4 arguments, 1 provided\n'}
[20.345591] (ydlidar_ros2_driver) StderrLine: {'line': b'\x1b[01m\x1b[K/home/ubuntu/slam_project/agv2_ws/src/ydlidar_ros2_driver/src/ydlidar_ros2_driver_node.cpp:67:26:\x1b[m\x1b[K \x1b[01;31m\x1b[Kerror: \x1b[m\x1b[Kno matching function for call to \xe2\x80\x98\x1b[01m\x1b[Krclcpp::Node::declare_parameter(const char [11])\x1b[m\x1b[K\xe2\x80\x99\n'}
[20.346824] (ydlidar_ros2_driver) StderrLine: {'line': b'   67 |   \x1b[01;31m\x1b[Knode->declare_parameter("lidar_type")\x1b[m\x1b[K;\n'}
[20.347974] (ydlidar_ros2_driver) StderrLine: {'line': b'      |   \x1b[01;31m\x1b[K~~~~~~~~~~~~~~~~~~~~~~~^~~~~~~~~~~~~~\x1b[m\x1b[K\n'}
[20.349014] (ydlidar_ros2_driver) StderrLine: {'line': b'In file included from \x1b[01m\x1b[K/opt/ros/humble/include/rclcpp/rclcpp/executors/single_threaded_executor.hpp:28\x1b[m\x1b[K,\n'}
[20.349899] (ydlidar_ros2_driver) StderrLine: {'line': b'                 from \x1b[01m\x1b[K/opt/ros/humble/include/rclcpp/rclcpp/executors.hpp:22\x1b[m\x1b[K,\n'}
[20.350766] (ydlidar_ros2_driver) StderrLine: {'line': b'                 from \x1b[01m\x1b[K/opt/ros/humble/include/rclcpp/rclcpp/rclcpp.hpp:155\x1b[m\x1b[K,\n'}
[20.351776] (ydlidar_ros2_driver) StderrLine: {'line': b'                 from \x1b[01m\x1b[K/home/ubuntu/slam_project/agv2_ws/src/ydlidar_ros2_driver/src/ydlidar_ros2_driver_node.cpp:23\x1b[m\x1b[K:\n'}
[20.353314] (ydlidar_ros2_driver) StderrLine: {'line': b'\x1b[01m\x1b[K/opt/ros/humble/include/rclcpp/rclcpp/node.hpp:421:3:\x1b[m\x1b[K \x1b[01;36m\x1b[Knote: \x1b[m\x1b[Kcandidate: \xe2\x80\x98\x1b[01m\x1b[Ktemplate<class ParameterT> auto rclcpp::Node::declare_parameter(const string&, const ParameterT&, const ParameterDescriptor&, bool)\x1b[m\x1b[K\xe2\x80\x99\n'}
[20.354874] (ydlidar_ros2_driver) StderrLine: {'line': b'  421 |   \x1b[01;36m\x1b[Kdeclare_parameter\x1b[m\x1b[K(\n'}
[20.356513] (ydlidar_ros2_driver) StderrLine: {'line': b'      |   \x1b[01;36m\x1b[K^~~~~~~~~~~~~~~~~\x1b[m\x1b[K\n'}
[20.358107] (ydlidar_ros2_driver) StderrLine: {'line': b'\x1b[01m\x1b[K/opt/ros/humble/include/rclcpp/rclcpp/node.hpp:421:3:\x1b[m\x1b[K \x1b[01;36m\x1b[Knote: \x1b[m\x1b[K  template argument deduction/substitution failed:\n'}
[20.359180] (ydlidar_ros2_driver) StderrLine: {'line': b'\x1b[01m\x1b[K/home/ubuntu/slam_project/agv2_ws/src/ydlidar_ros2_driver/src/ydlidar_ros2_driver_node.cpp:67:26:\x1b[m\x1b[K \x1b[01;36m\x1b[Knote: \x1b[m\x1b[K  candidate expects 4 arguments, 1 provided\n'}
[20.360162] (ydlidar_ros2_driver) StderrLine: {'line': b'   67 |   \x1b[01;36m\x1b[Knode->declare_parameter("lidar_type")\x1b[m\x1b[K;\n'}
[20.361297] (ydlidar_ros2_driver) StderrLine: {'line': b'      |   \x1b[01;36m\x1b[K~~~~~~~~~~~~~~~~~~~~~~~^~~~~~~~~~~~~~\x1b[m\x1b[K\n'}
[20.362397] (ydlidar_ros2_driver) StderrLine: {'line': b'In file included from \x1b[01m\x1b[K/opt/ros/humble/include/rclcpp/rclcpp/executors/single_threaded_executor.hpp:28\x1b[m\x1b[K,\n'}
[20.363637] (ydlidar_ros2_driver) StderrLine: {'line': b'                 from \x1b[01m\x1b[K/opt/ros/humble/include/rclcpp/rclcpp/executors.hpp:22\x1b[m\x1b[K,\n'}
[20.364659] (ydlidar_ros2_driver) StderrLine: {'line': b'                 from \x1b[01m\x1b[K/opt/ros/humble/include/rclcpp/rclcpp/rclcpp.hpp:155\x1b[m\x1b[K,\n'}
[20.365705] (ydlidar_ros2_driver) StderrLine: {'line': b'                 from \x1b[01m\x1b[K/home/ubuntu/slam_project/agv2_ws/src/ydlidar_ros2_driver/src/ydlidar_ros2_driver_node.cpp:23\x1b[m\x1b[K:\n'}
[20.366891] (ydlidar_ros2_driver) StderrLine: {'line': b'\x1b[01m\x1b[K/opt/ros/humble/include/rclcpp/rclcpp/node.hpp:434:3:\x1b[m\x1b[K \x1b[01;36m\x1b[Knote: \x1b[m\x1b[Kcandidate: \xe2\x80\x98\x1b[01m\x1b[Ktemplate<class ParameterT> auto rclcpp::Node::declare_parameter(const string&, const ParameterDescriptor&, bool)\x1b[m\x1b[K\xe2\x80\x99\n'}
[20.368015] (ydlidar_ros2_driver) StderrLine: {'line': b'  434 |   \x1b[01;36m\x1b[Kdeclare_parameter\x1b[m\x1b[K(\n'}
[20.368905] (ydlidar_ros2_driver) StderrLine: {'line': b'      |   \x1b[01;36m\x1b[K^~~~~~~~~~~~~~~~~\x1b[m\x1b[K\n'}
[20.369699] (ydlidar_ros2_driver) StderrLine: {'line': b'\x1b[01m\x1b[K/opt/ros/humble/include/rclcpp/rclcpp/node.hpp:434:3:\x1b[m\x1b[K \x1b[01;36m\x1b[Knote: \x1b[m\x1b[K  template argument deduction/substitution failed:\n'}
[20.370757] (-) TimerEvent: {}
[20.372902] (ydlidar_ros2_driver) StderrLine: {'line': b'\x1b[01m\x1b[K/home/ubuntu/slam_project/agv2_ws/src/ydlidar_ros2_driver/src/ydlidar_ros2_driver_node.cpp:67:26:\x1b[m\x1b[K \x1b[01;36m\x1b[Knote: \x1b[m\x1b[K  couldn\xe2\x80\x99t deduce template parameter \xe2\x80\x98\x1b[01m\x1b[KParameterT\x1b[m\x1b[K\xe2\x80\x99\n'}
[20.374652] (ydlidar_ros2_driver) StderrLine: {'line': b'   67 |   \x1b[01;36m\x1b[Knode->declare_parameter("lidar_type")\x1b[m\x1b[K;\n'}
[20.376121] (ydlidar_ros2_driver) StderrLine: {'line': b'      |   \x1b[01;36m\x1b[K~~~~~~~~~~~~~~~~~~~~~~~^~~~~~~~~~~~~~\x1b[m\x1b[K\n'}
[20.377495] (ydlidar_ros2_driver) StderrLine: {'line': b'In file included from \x1b[01m\x1b[K/opt/ros/humble/include/rclcpp/rclcpp/executors/single_threaded_executor.hpp:28\x1b[m\x1b[K,\n'}
[20.378740] (ydlidar_ros2_driver) StderrLine: {'line': b'                 from \x1b[01m\x1b[K/opt/ros/humble/include/rclcpp/rclcpp/executors.hpp:22\x1b[m\x1b[K,\n'}
[20.379821] (ydlidar_ros2_driver) StderrLine: {'line': b'                 from \x1b[01m\x1b[K/opt/ros/humble/include/rclcpp/rclcpp/rclcpp.hpp:155\x1b[m\x1b[K,\n'}
[20.381307] (ydlidar_ros2_driver) StderrLine: {'line': b'                 from \x1b[01m\x1b[K/home/ubuntu/slam_project/agv2_ws/src/ydlidar_ros2_driver/src/ydlidar_ros2_driver_node.cpp:23\x1b[m\x1b[K:\n'}
[20.383051] (ydlidar_ros2_driver) StderrLine: {'line': b'\x1b[01m\x1b[K/opt/ros/humble/include/rclcpp/rclcpp/node.hpp:366:3:\x1b[m\x1b[K \x1b[01;36m\x1b[Knote: \x1b[m\x1b[Kcandidate: \xe2\x80\x98\x1b[01m\x1b[Kconst rclcpp::ParameterValue& rclcpp::Node::declare_parameter(const string&, const rclcpp::ParameterValue&, const ParameterDescriptor&, bool)\x1b[m\x1b[K\xe2\x80\x99\n'}
[20.385167] (ydlidar_ros2_driver) StderrLine: {'line': b'  366 |   \x1b[01;36m\x1b[Kdeclare_parameter\x1b[m\x1b[K(\n'}
[20.386754] (ydlidar_ros2_driver) StderrLine: {'line': b'      |   \x1b[01;36m\x1b[K^~~~~~~~~~~~~~~~~\x1b[m\x1b[K\n'}
[20.388208] (ydlidar_ros2_driver) StderrLine: {'line': b'\x1b[01m\x1b[K/opt/ros/humble/include/rclcpp/rclcpp/node.hpp:366:3:\x1b[m\x1b[K \x1b[01;36m\x1b[Knote: \x1b[m\x1b[K  candidate expects 4 arguments, 1 provided\n'}
[20.389381] (ydlidar_ros2_driver) StderrLine: {'line': b'\x1b[01m\x1b[K/opt/ros/humble/include/rclcpp/rclcpp/node.hpp:391:3:\x1b[m\x1b[K \x1b[01;36m\x1b[Knote: \x1b[m\x1b[Kcandidate: \xe2\x80\x98\x1b[01m\x1b[Kconst rclcpp::ParameterValue& rclcpp::Node::declare_parameter(const string&, rclcpp::ParameterType, const ParameterDescriptor&, bool)\x1b[m\x1b[K\xe2\x80\x99\n'}
[20.390588] (ydlidar_ros2_driver) StderrLine: {'line': b'  391 |   \x1b[01;36m\x1b[Kdeclare_parameter\x1b[m\x1b[K(\n'}
[20.392224] (ydlidar_ros2_driver) StderrLine: {'line': b'      |   \x1b[01;36m\x1b[K^~~~~~~~~~~~~~~~~\x1b[m\x1b[K\n'}
[20.393660] (ydlidar_ros2_driver) StderrLine: {'line': b'\x1b[01m\x1b[K/opt/ros/humble/include/rclcpp/rclcpp/node.hpp:391:3:\x1b[m\x1b[K \x1b[01;36m\x1b[Knote: \x1b[m\x1b[K  candidate expects 4 arguments, 1 provided\n'}
[20.395167] (ydlidar_ros2_driver) StderrLine: {'line': b'\x1b[01m\x1b[K/home/ubuntu/slam_project/agv2_ws/src/ydlidar_ros2_driver/src/ydlidar_ros2_driver_node.cpp:72:26:\x1b[m\x1b[K \x1b[01;31m\x1b[Kerror: \x1b[m\x1b[Kno matching function for call to \xe2\x80\x98\x1b[01m\x1b[Krclcpp::Node::declare_parameter(const char [12])\x1b[m\x1b[K\xe2\x80\x99\n'}
[20.396884] (ydlidar_ros2_driver) StderrLine: {'line': b'   72 |   \x1b[01;31m\x1b[Knode->declare_parameter("device_type")\x1b[m\x1b[K;\n'}
[20.398289] (ydlidar_ros2_driver) StderrLine: {'line': b'      |   \x1b[01;31m\x1b[K~~~~~~~~~~~~~~~~~~~~~~~^~~~~~~~~~~~~~~\x1b[m\x1b[K\n'}
[20.399348] (ydlidar_ros2_driver) StderrLine: {'line': b'In file included from \x1b[01m\x1b[K/opt/ros/humble/include/rclcpp/rclcpp/executors/single_threaded_executor.hpp:28\x1b[m\x1b[K,\n'}
[20.400726] (ydlidar_ros2_driver) StderrLine: {'line': b'                 from \x1b[01m\x1b[K/opt/ros/humble/include/rclcpp/rclcpp/executors.hpp:22\x1b[m\x1b[K,\n'}
[20.402323] (ydlidar_ros2_driver) StderrLine: {'line': b'                 from \x1b[01m\x1b[K/opt/ros/humble/include/rclcpp/rclcpp/rclcpp.hpp:155\x1b[m\x1b[K,\n'}
[20.403894] (ydlidar_ros2_driver) StderrLine: {'line': b'                 from \x1b[01m\x1b[K/home/ubuntu/slam_project/agv2_ws/src/ydlidar_ros2_driver/src/ydlidar_ros2_driver_node.cpp:23\x1b[m\x1b[K:\n'}
[20.405492] (ydlidar_ros2_driver) StderrLine: {'line': b'\x1b[01m\x1b[K/opt/ros/humble/include/rclcpp/rclcpp/node.hpp:421:3:\x1b[m\x1b[K \x1b[01;36m\x1b[Knote: \x1b[m\x1b[Kcandidate: \xe2\x80\x98\x1b[01m\x1b[Ktemplate<class ParameterT> auto rclcpp::Node::declare_parameter(const string&, const ParameterT&, const ParameterDescriptor&, bool)\x1b[m\x1b[K\xe2\x80\x99\n'}
[20.407167] (ydlidar_ros2_driver) StderrLine: {'line': b'  421 |   \x1b[01;36m\x1b[Kdeclare_parameter\x1b[m\x1b[K(\n'}
[20.408521] (ydlidar_ros2_driver) StderrLine: {'line': b'      |   \x1b[01;36m\x1b[K^~~~~~~~~~~~~~~~~\x1b[m\x1b[K\n'}
[20.409675] (ydlidar_ros2_driver) StderrLine: {'line': b'\x1b[01m\x1b[K/opt/ros/humble/include/rclcpp/rclcpp/node.hpp:421:3:\x1b[m\x1b[K \x1b[01;36m\x1b[Knote: \x1b[m\x1b[K  template argument deduction/substitution failed:\n'}
[20.411217] (ydlidar_ros2_driver) StderrLine: {'line': b'\x1b[01m\x1b[K/home/ubuntu/slam_project/agv2_ws/src/ydlidar_ros2_driver/src/ydlidar_ros2_driver_node.cpp:72:26:\x1b[m\x1b[K \x1b[01;36m\x1b[Knote: \x1b[m\x1b[K  candidate expects 4 arguments, 1 provided\n'}
[20.412704] (ydlidar_ros2_driver) StderrLine: {'line': b'   72 |   \x1b[01;36m\x1b[Knode->declare_parameter("device_type")\x1b[m\x1b[K;\n'}
[20.414221] (ydlidar_ros2_driver) StderrLine: {'line': b'      |   \x1b[01;36m\x1b[K~~~~~~~~~~~~~~~~~~~~~~~^~~~~~~~~~~~~~~\x1b[m\x1b[K\n'}
[20.415762] (ydlidar_ros2_driver) StderrLine: {'line': b'In file included from \x1b[01m\x1b[K/opt/ros/humble/include/rclcpp/rclcpp/executors/single_threaded_executor.hpp:28\x1b[m\x1b[K,\n'}
[20.417066] (ydlidar_ros2_driver) StderrLine: {'line': b'                 from \x1b[01m\x1b[K/opt/ros/humble/include/rclcpp/rclcpp/executors.hpp:22\x1b[m\x1b[K,\n'}
[20.418156] (ydlidar_ros2_driver) StderrLine: {'line': b'                 from \x1b[01m\x1b[K/opt/ros/humble/include/rclcpp/rclcpp/rclcpp.hpp:155\x1b[m\x1b[K,\n'}
[20.419215] (ydlidar_ros2_driver) StderrLine: {'line': b'                 from \x1b[01m\x1b[K/home/ubuntu/slam_project/agv2_ws/src/ydlidar_ros2_driver/src/ydlidar_ros2_driver_node.cpp:23\x1b[m\x1b[K:\n'}
[20.420428] (ydlidar_ros2_driver) StderrLine: {'line': b'\x1b[01m\x1b[K/opt/ros/humble/include/rclcpp/rclcpp/node.hpp:434:3:\x1b[m\x1b[K \x1b[01;36m\x1b[Knote: \x1b[m\x1b[Kcandidate: \xe2\x80\x98\x1b[01m\x1b[Ktemplate<class ParameterT> auto rclcpp::Node::declare_parameter(const string&, const ParameterDescriptor&, bool)\x1b[m\x1b[K\xe2\x80\x99\n'}
[20.443159] (ydlidar_ros2_driver) StderrLine: {'line': b'  434 |   \x1b[01;36m\x1b[Kdeclare_parameter\x1b[m\x1b[K(\n'}
[20.447201] (ydlidar_ros2_driver) StderrLine: {'line': b'      |   \x1b[01;36m\x1b[K^~~~~~~~~~~~~~~~~\x1b[m\x1b[K\n'}
[20.447876] (ydlidar_ros2_driver) StderrLine: {'line': b'\x1b[01m\x1b[K/opt/ros/humble/include/rclcpp/rclcpp/node.hpp:434:3:\x1b[m\x1b[K \x1b[01;36m\x1b[Knote: \x1b[m\x1b[K  template argument deduction/substitution failed:\n'}
[20.448538] (ydlidar_ros2_driver) StderrLine: {'line': b'\x1b[01m\x1b[K/home/ubuntu/slam_project/agv2_ws/src/ydlidar_ros2_driver/src/ydlidar_ros2_driver_node.cpp:72:26:\x1b[m\x1b[K \x1b[01;36m\x1b[Knote: \x1b[m\x1b[K  couldn\xe2\x80\x99t deduce template parameter \xe2\x80\x98\x1b[01m\x1b[KParameterT\x1b[m\x1b[K\xe2\x80\x99\n'}
[20.449462] (ydlidar_ros2_driver) StderrLine: {'line': b'   72 |   \x1b[01;36m\x1b[Knode->declare_parameter("device_type")\x1b[m\x1b[K;\n'}
[20.450282] (ydlidar_ros2_driver) StderrLine: {'line': b'      |   \x1b[01;36m\x1b[K~~~~~~~~~~~~~~~~~~~~~~~^~~~~~~~~~~~~~~\x1b[m\x1b[K\n'}
[20.451024] (ydlidar_ros2_driver) StderrLine: {'line': b'In file included from \x1b[01m\x1b[K/opt/ros/humble/include/rclcpp/rclcpp/executors/single_threaded_executor.hpp:28\x1b[m\x1b[K,\n'}
[20.451615] (ydlidar_ros2_driver) StderrLine: {'line': b'                 from \x1b[01m\x1b[K/opt/ros/humble/include/rclcpp/rclcpp/executors.hpp:22\x1b[m\x1b[K,\n'}
[20.452215] (ydlidar_ros2_driver) StderrLine: {'line': b'                 from \x1b[01m\x1b[K/opt/ros/humble/include/rclcpp/rclcpp/rclcpp.hpp:155\x1b[m\x1b[K,\n'}
[20.452864] (ydlidar_ros2_driver) StderrLine: {'line': b'                 from \x1b[01m\x1b[K/home/ubuntu/slam_project/agv2_ws/src/ydlidar_ros2_driver/src/ydlidar_ros2_driver_node.cpp:23\x1b[m\x1b[K:\n'}
[20.453395] (ydlidar_ros2_driver) StderrLine: {'line': b'\x1b[01m\x1b[K/opt/ros/humble/include/rclcpp/rclcpp/node.hpp:366:3:\x1b[m\x1b[K \x1b[01;36m\x1b[Knote: \x1b[m\x1b[Kcandidate: \xe2\x80\x98\x1b[01m\x1b[Kconst rclcpp::ParameterValue& rclcpp::Node::declare_parameter(const string&, const rclcpp::ParameterValue&, const ParameterDescriptor&, bool)\x1b[m\x1b[K\xe2\x80\x99\n'}
[20.454024] (ydlidar_ros2_driver) StderrLine: {'line': b'  366 |   \x1b[01;36m\x1b[Kdeclare_parameter\x1b[m\x1b[K(\n'}
[20.454599] (ydlidar_ros2_driver) StderrLine: {'line': b'      |   \x1b[01;36m\x1b[K^~~~~~~~~~~~~~~~~\x1b[m\x1b[K\n'}
[20.455189] (ydlidar_ros2_driver) StderrLine: {'line': b'\x1b[01m\x1b[K/opt/ros/humble/include/rclcpp/rclcpp/node.hpp:366:3:\x1b[m\x1b[K \x1b[01;36m\x1b[Knote: \x1b[m\x1b[K  candidate expects 4 arguments, 1 provided\n'}
[20.455773] (ydlidar_ros2_driver) StderrLine: {'line': b'\x1b[01m\x1b[K/opt/ros/humble/include/rclcpp/rclcpp/node.hpp:391:3:\x1b[m\x1b[K \x1b[01;36m\x1b[Knote: \x1b[m\x1b[Kcandidate: \xe2\x80\x98\x1b[01m\x1b[Kconst rclcpp::ParameterValue& rclcpp::Node::declare_parameter(const string&, rclcpp::ParameterType, const ParameterDescriptor&, bool)\x1b[m\x1b[K\xe2\x80\x99\n'}
[20.456356] (ydlidar_ros2_driver) StderrLine: {'line': b'  391 |   \x1b[01;36m\x1b[Kdeclare_parameter\x1b[m\x1b[K(\n'}
[20.456908] (ydlidar_ros2_driver) StderrLine: {'line': b'      |   \x1b[01;36m\x1b[K^~~~~~~~~~~~~~~~~\x1b[m\x1b[K\n'}
[20.457446] (ydlidar_ros2_driver) StderrLine: {'line': b'\x1b[01m\x1b[K/opt/ros/humble/include/rclcpp/rclcpp/node.hpp:391:3:\x1b[m\x1b[K \x1b[01;36m\x1b[Knote: \x1b[m\x1b[K  candidate expects 4 arguments, 1 provided\n'}
[20.457980] (ydlidar_ros2_driver) StderrLine: {'line': b'\x1b[01m\x1b[K/home/ubuntu/slam_project/agv2_ws/src/ydlidar_ros2_driver/src/ydlidar_ros2_driver_node.cpp:77:26:\x1b[m\x1b[K \x1b[01;31m\x1b[Kerror: \x1b[m\x1b[Kno matching function for call to \xe2\x80\x98\x1b[01m\x1b[Krclcpp::Node::declare_parameter(const char [12])\x1b[m\x1b[K\xe2\x80\x99\n'}
[20.458676] (ydlidar_ros2_driver) StderrLine: {'line': b'   77 |   \x1b[01;31m\x1b[Knode->declare_parameter("sample_rate")\x1b[m\x1b[K;\n'}
[20.459434] (ydlidar_ros2_driver) StderrLine: {'line': b'      |   \x1b[01;31m\x1b[K~~~~~~~~~~~~~~~~~~~~~~~^~~~~~~~~~~~~~~\x1b[m\x1b[K\n'}
[20.460228] (ydlidar_ros2_driver) StderrLine: {'line': b'In file included from \x1b[01m\x1b[K/opt/ros/humble/include/rclcpp/rclcpp/executors/single_threaded_executor.hpp:28\x1b[m\x1b[K,\n'}
[20.461093] (ydlidar_ros2_driver) StderrLine: {'line': b'                 from \x1b[01m\x1b[K/opt/ros/humble/include/rclcpp/rclcpp/executors.hpp:22\x1b[m\x1b[K,\n'}
[20.461879] (ydlidar_ros2_driver) StderrLine: {'line': b'                 from \x1b[01m\x1b[K/opt/ros/humble/include/rclcpp/rclcpp/rclcpp.hpp:155\x1b[m\x1b[K,\n'}
[20.462786] (ydlidar_ros2_driver) StderrLine: {'line': b'                 from \x1b[01m\x1b[K/home/ubuntu/slam_project/agv2_ws/src/ydlidar_ros2_driver/src/ydlidar_ros2_driver_node.cpp:23\x1b[m\x1b[K:\n'}
[20.463596] (ydlidar_ros2_driver) StderrLine: {'line': b'\x1b[01m\x1b[K/opt/ros/humble/include/rclcpp/rclcpp/node.hpp:421:3:\x1b[m\x1b[K \x1b[01;36m\x1b[Knote: \x1b[m\x1b[Kcandidate: \xe2\x80\x98\x1b[01m\x1b[Ktemplate<class ParameterT> auto rclcpp::Node::declare_parameter(const string&, const ParameterT&, const ParameterDescriptor&, bool)\x1b[m\x1b[K\xe2\x80\x99\n'}
[20.464379] (ydlidar_ros2_driver) StderrLine: {'line': b'  421 |   \x1b[01;36m\x1b[Kdeclare_parameter\x1b[m\x1b[K(\n'}
[20.465145] (ydlidar_ros2_driver) StderrLine: {'line': b'      |   \x1b[01;36m\x1b[K^~~~~~~~~~~~~~~~~\x1b[m\x1b[K\n'}
[20.466012] (ydlidar_ros2_driver) StderrLine: {'line': b'\x1b[01m\x1b[K/opt/ros/humble/include/rclcpp/rclcpp/node.hpp:421:3:\x1b[m\x1b[K \x1b[01;36m\x1b[Knote: \x1b[m\x1b[K  template argument deduction/substitution failed:\n'}
[20.466926] (ydlidar_ros2_driver) StderrLine: {'line': b'\x1b[01m\x1b[K/home/ubuntu/slam_project/agv2_ws/src/ydlidar_ros2_driver/src/ydlidar_ros2_driver_node.cpp:77:26:\x1b[m\x1b[K \x1b[01;36m\x1b[Knote: \x1b[m\x1b[K  candidate expects 4 arguments, 1 provided\n'}
[20.467730] (ydlidar_ros2_driver) StderrLine: {'line': b'   77 |   \x1b[01;36m\x1b[Knode->declare_parameter("sample_rate")\x1b[m\x1b[K;\n'}
[20.468530] (ydlidar_ros2_driver) StderrLine: {'line': b'      |   \x1b[01;36m\x1b[K~~~~~~~~~~~~~~~~~~~~~~~^~~~~~~~~~~~~~~\x1b[m\x1b[K\n'}
[20.469293] (ydlidar_ros2_driver) StderrLine: {'line': b'In file included from \x1b[01m\x1b[K/opt/ros/humble/include/rclcpp/rclcpp/executors/single_threaded_executor.hpp:28\x1b[m\x1b[K,\n'}
[20.470047] (ydlidar_ros2_driver) StderrLine: {'line': b'                 from \x1b[01m\x1b[K/opt/ros/humble/include/rclcpp/rclcpp/executors.hpp:22\x1b[m\x1b[K,\n'}
[20.470922] (-) TimerEvent: {}
[20.471655] (ydlidar_ros2_driver) StderrLine: {'line': b'                 from \x1b[01m\x1b[K/opt/ros/humble/include/rclcpp/rclcpp/rclcpp.hpp:155\x1b[m\x1b[K,\n'}
[20.472475] (ydlidar_ros2_driver) StderrLine: {'line': b'                 from \x1b[01m\x1b[K/home/ubuntu/slam_project/agv2_ws/src/ydlidar_ros2_driver/src/ydlidar_ros2_driver_node.cpp:23\x1b[m\x1b[K:\n'}
[20.473767] (ydlidar_ros2_driver) StderrLine: {'line': b'\x1b[01m\x1b[K/opt/ros/humble/include/rclcpp/rclcpp/node.hpp:434:3:\x1b[m\x1b[K \x1b[01;36m\x1b[Knote: \x1b[m\x1b[Kcandidate: \xe2\x80\x98\x1b[01m\x1b[Ktemplate<class ParameterT> auto rclcpp::Node::declare_parameter(const string&, const ParameterDescriptor&, bool)\x1b[m\x1b[K\xe2\x80\x99\n'}
[20.474661] (ydlidar_ros2_driver) StderrLine: {'line': b'  434 |   \x1b[01;36m\x1b[Kdeclare_parameter\x1b[m\x1b[K(\n'}
[20.475487] (ydlidar_ros2_driver) StderrLine: {'line': b'      |   \x1b[01;36m\x1b[K^~~~~~~~~~~~~~~~~\x1b[m\x1b[K\n'}
[20.476260] (ydlidar_ros2_driver) StderrLine: {'line': b'\x1b[01m\x1b[K/opt/ros/humble/include/rclcpp/rclcpp/node.hpp:434:3:\x1b[m\x1b[K \x1b[01;36m\x1b[Knote: \x1b[m\x1b[K  template argument deduction/substitution failed:\n'}
[20.477111] (ydlidar_ros2_driver) StderrLine: {'line': b'\x1b[01m\x1b[K/home/ubuntu/slam_project/agv2_ws/src/ydlidar_ros2_driver/src/ydlidar_ros2_driver_node.cpp:77:26:\x1b[m\x1b[K \x1b[01;36m\x1b[Knote: \x1b[m\x1b[K  couldn\xe2\x80\x99t deduce template parameter \xe2\x80\x98\x1b[01m\x1b[KParameterT\x1b[m\x1b[K\xe2\x80\x99\n'}
[20.477941] (ydlidar_ros2_driver) StderrLine: {'line': b'   77 |   \x1b[01;36m\x1b[Knode->declare_parameter("sample_rate")\x1b[m\x1b[K;\n'}
[20.478759] (ydlidar_ros2_driver) StderrLine: {'line': b'      |   \x1b[01;36m\x1b[K~~~~~~~~~~~~~~~~~~~~~~~^~~~~~~~~~~~~~~\x1b[m\x1b[K\n'}
[20.479571] (ydlidar_ros2_driver) StderrLine: {'line': b'In file included from \x1b[01m\x1b[K/opt/ros/humble/include/rclcpp/rclcpp/executors/single_threaded_executor.hpp:28\x1b[m\x1b[K,\n'}
[20.480468] (ydlidar_ros2_driver) StderrLine: {'line': b'                 from \x1b[01m\x1b[K/opt/ros/humble/include/rclcpp/rclcpp/executors.hpp:22\x1b[m\x1b[K,\n'}
[20.481286] (ydlidar_ros2_driver) StderrLine: {'line': b'                 from \x1b[01m\x1b[K/opt/ros/humble/include/rclcpp/rclcpp/rclcpp.hpp:155\x1b[m\x1b[K,\n'}
[20.482030] (ydlidar_ros2_driver) StderrLine: {'line': b'                 from \x1b[01m\x1b[K/home/ubuntu/slam_project/agv2_ws/src/ydlidar_ros2_driver/src/ydlidar_ros2_driver_node.cpp:23\x1b[m\x1b[K:\n'}
[20.482975] (ydlidar_ros2_driver) StderrLine: {'line': b'\x1b[01m\x1b[K/opt/ros/humble/include/rclcpp/rclcpp/node.hpp:366:3:\x1b[m\x1b[K \x1b[01;36m\x1b[Knote: \x1b[m\x1b[Kcandidate: \xe2\x80\x98\x1b[01m\x1b[Kconst rclcpp::ParameterValue& rclcpp::Node::declare_parameter(const string&, const rclcpp::ParameterValue&, const ParameterDescriptor&, bool)\x1b[m\x1b[K\xe2\x80\x99\n'}
[20.483808] (ydlidar_ros2_driver) StderrLine: {'line': b'  366 |   \x1b[01;36m\x1b[Kdeclare_parameter\x1b[m\x1b[K(\n'}
[20.484608] (ydlidar_ros2_driver) StderrLine: {'line': b'      |   \x1b[01;36m\x1b[K^~~~~~~~~~~~~~~~~\x1b[m\x1b[K\n'}
[20.485422] (ydlidar_ros2_driver) StderrLine: {'line': b'\x1b[01m\x1b[K/opt/ros/humble/include/rclcpp/rclcpp/node.hpp:366:3:\x1b[m\x1b[K \x1b[01;36m\x1b[Knote: \x1b[m\x1b[K  candidate expects 4 arguments, 1 provided\n'}
[20.486290] (ydlidar_ros2_driver) StderrLine: {'line': b'\x1b[01m\x1b[K/opt/ros/humble/include/rclcpp/rclcpp/node.hpp:391:3:\x1b[m\x1b[K \x1b[01;36m\x1b[Knote: \x1b[m\x1b[Kcandidate: \xe2\x80\x98\x1b[01m\x1b[Kconst rclcpp::ParameterValue& rclcpp::Node::declare_parameter(const string&, rclcpp::ParameterType, const ParameterDescriptor&, bool)\x1b[m\x1b[K\xe2\x80\x99\n'}
[20.487228] (ydlidar_ros2_driver) StderrLine: {'line': b'  391 |   \x1b[01;36m\x1b[Kdeclare_parameter\x1b[m\x1b[K(\n'}
[20.487985] (ydlidar_ros2_driver) StderrLine: {'line': b'      |   \x1b[01;36m\x1b[K^~~~~~~~~~~~~~~~~\x1b[m\x1b[K\n'}
[20.488756] (ydlidar_ros2_driver) StderrLine: {'line': b'\x1b[01m\x1b[K/opt/ros/humble/include/rclcpp/rclcpp/node.hpp:391:3:\x1b[m\x1b[K \x1b[01;36m\x1b[Knote: \x1b[m\x1b[K  candidate expects 4 arguments, 1 provided\n'}
[20.489618] (ydlidar_ros2_driver) StderrLine: {'line': b'\x1b[01m\x1b[K/home/ubuntu/slam_project/agv2_ws/src/ydlidar_ros2_driver/src/ydlidar_ros2_driver_node.cpp:82:26:\x1b[m\x1b[K \x1b[01;31m\x1b[Kerror: \x1b[m\x1b[Kno matching function for call to \xe2\x80\x98\x1b[01m\x1b[Krclcpp::Node::declare_parameter(const char [21])\x1b[m\x1b[K\xe2\x80\x99\n'}
[20.490417] (ydlidar_ros2_driver) StderrLine: {'line': b'   82 |   \x1b[01;31m\x1b[Knode->declare_parameter("abnormal_check_count")\x1b[m\x1b[K;\n'}
[20.491355] (ydlidar_ros2_driver) StderrLine: {'line': b'      |   \x1b[01;31m\x1b[K~~~~~~~~~~~~~~~~~~~~~~~^~~~~~~~~~~~~~~~~~~~~~~~\x1b[m\x1b[K\n'}
[20.492172] (ydlidar_ros2_driver) StderrLine: {'line': b'In file included from \x1b[01m\x1b[K/opt/ros/humble/include/rclcpp/rclcpp/executors/single_threaded_executor.hpp:28\x1b[m\x1b[K,\n'}
[20.492945] (ydlidar_ros2_driver) StderrLine: {'line': b'                 from \x1b[01m\x1b[K/opt/ros/humble/include/rclcpp/rclcpp/executors.hpp:22\x1b[m\x1b[K,\n'}
[20.493815] (ydlidar_ros2_driver) StderrLine: {'line': b'                 from \x1b[01m\x1b[K/opt/ros/humble/include/rclcpp/rclcpp/rclcpp.hpp:155\x1b[m\x1b[K,\n'}
[20.494671] (ydlidar_ros2_driver) StderrLine: {'line': b'                 from \x1b[01m\x1b[K/home/ubuntu/slam_project/agv2_ws/src/ydlidar_ros2_driver/src/ydlidar_ros2_driver_node.cpp:23\x1b[m\x1b[K:\n'}
[20.495560] (ydlidar_ros2_driver) StderrLine: {'line': b'\x1b[01m\x1b[K/opt/ros/humble/include/rclcpp/rclcpp/node.hpp:421:3:\x1b[m\x1b[K \x1b[01;36m\x1b[Knote: \x1b[m\x1b[Kcandidate: \xe2\x80\x98\x1b[01m\x1b[Ktemplate<class ParameterT> auto rclcpp::Node::declare_parameter(const string&, const ParameterT&, const ParameterDescriptor&, bool)\x1b[m\x1b[K\xe2\x80\x99\n'}
[20.496427] (ydlidar_ros2_driver) StderrLine: {'line': b'  421 |   \x1b[01;36m\x1b[Kdeclare_parameter\x1b[m\x1b[K(\n'}
[20.498113] (ydlidar_ros2_driver) StderrLine: {'line': b'      |   \x1b[01;36m\x1b[K^~~~~~~~~~~~~~~~~\x1b[m\x1b[K\n'}
[20.499083] (ydlidar_ros2_driver) StderrLine: {'line': b'\x1b[01m\x1b[K/opt/ros/humble/include/rclcpp/rclcpp/node.hpp:421:3:\x1b[m\x1b[K \x1b[01;36m\x1b[Knote: \x1b[m\x1b[K  template argument deduction/substitution failed:\n'}
[20.500056] (ydlidar_ros2_driver) StderrLine: {'line': b'\x1b[01m\x1b[K/home/ubuntu/slam_project/agv2_ws/src/ydlidar_ros2_driver/src/ydlidar_ros2_driver_node.cpp:82:26:\x1b[m\x1b[K \x1b[01;36m\x1b[Knote: \x1b[m\x1b[K  candidate expects 4 arguments, 1 provided\n'}
[20.500872] (ydlidar_ros2_driver) StderrLine: {'line': b'   82 |   \x1b[01;36m\x1b[Knode->declare_parameter("abnormal_check_count")\x1b[m\x1b[K;\n'}
[20.501663] (ydlidar_ros2_driver) StderrLine: {'line': b'      |   \x1b[01;36m\x1b[K~~~~~~~~~~~~~~~~~~~~~~~^~~~~~~~~~~~~~~~~~~~~~~~\x1b[m\x1b[K\n'}
[20.502474] (ydlidar_ros2_driver) StderrLine: {'line': b'In file included from \x1b[01m\x1b[K/opt/ros/humble/include/rclcpp/rclcpp/executors/single_threaded_executor.hpp:28\x1b[m\x1b[K,\n'}
[20.503353] (ydlidar_ros2_driver) StderrLine: {'line': b'                 from \x1b[01m\x1b[K/opt/ros/humble/include/rclcpp/rclcpp/executors.hpp:22\x1b[m\x1b[K,\n'}
[20.504161] (ydlidar_ros2_driver) StderrLine: {'line': b'                 from \x1b[01m\x1b[K/opt/ros/humble/include/rclcpp/rclcpp/rclcpp.hpp:155\x1b[m\x1b[K,\n'}
[20.504936] (ydlidar_ros2_driver) StderrLine: {'line': b'                 from \x1b[01m\x1b[K/home/ubuntu/slam_project/agv2_ws/src/ydlidar_ros2_driver/src/ydlidar_ros2_driver_node.cpp:23\x1b[m\x1b[K:\n'}
[20.505716] (ydlidar_ros2_driver) StderrLine: {'line': b'\x1b[01m\x1b[K/opt/ros/humble/include/rclcpp/rclcpp/node.hpp:434:3:\x1b[m\x1b[K \x1b[01;36m\x1b[Knote: \x1b[m\x1b[Kcandidate: \xe2\x80\x98\x1b[01m\x1b[Ktemplate<class ParameterT> auto rclcpp::Node::declare_parameter(const string&, const ParameterDescriptor&, bool)\x1b[m\x1b[K\xe2\x80\x99\n'}
[20.506551] (ydlidar_ros2_driver) StderrLine: {'line': b'  434 |   \x1b[01;36m\x1b[Kdeclare_parameter\x1b[m\x1b[K(\n'}
[20.507419] (ydlidar_ros2_driver) StderrLine: {'line': b'      |   \x1b[01;36m\x1b[K^~~~~~~~~~~~~~~~~\x1b[m\x1b[K\n'}
[20.508250] (ydlidar_ros2_driver) StderrLine: {'line': b'\x1b[01m\x1b[K/opt/ros/humble/include/rclcpp/rclcpp/node.hpp:434:3:\x1b[m\x1b[K \x1b[01;36m\x1b[Knote: \x1b[m\x1b[K  template argument deduction/substitution failed:\n'}
[20.509038] (ydlidar_ros2_driver) StderrLine: {'line': b'\x1b[01m\x1b[K/home/ubuntu/slam_project/agv2_ws/src/ydlidar_ros2_driver/src/ydlidar_ros2_driver_node.cpp:82:26:\x1b[m\x1b[K \x1b[01;36m\x1b[Knote: \x1b[m\x1b[K  couldn\xe2\x80\x99t deduce template parameter \xe2\x80\x98\x1b[01m\x1b[KParameterT\x1b[m\x1b[K\xe2\x80\x99\n'}
[20.509764] (ydlidar_ros2_driver) StderrLine: {'line': b'   82 |   \x1b[01;36m\x1b[Knode->declare_parameter("abnormal_check_count")\x1b[m\x1b[K;\n'}
[20.510832] (ydlidar_ros2_driver) StderrLine: {'line': b'      |   \x1b[01;36m\x1b[K~~~~~~~~~~~~~~~~~~~~~~~^~~~~~~~~~~~~~~~~~~~~~~~\x1b[m\x1b[K\n'}
[20.511849] (ydlidar_ros2_driver) StderrLine: {'line': b'In file included from \x1b[01m\x1b[K/opt/ros/humble/include/rclcpp/rclcpp/executors/single_threaded_executor.hpp:28\x1b[m\x1b[K,\n'}
[20.512764] (ydlidar_ros2_driver) StderrLine: {'line': b'                 from \x1b[01m\x1b[K/opt/ros/humble/include/rclcpp/rclcpp/executors.hpp:22\x1b[m\x1b[K,\n'}
[20.513586] (ydlidar_ros2_driver) StderrLine: {'line': b'                 from \x1b[01m\x1b[K/opt/ros/humble/include/rclcpp/rclcpp/rclcpp.hpp:155\x1b[m\x1b[K,\n'}
[20.514372] (ydlidar_ros2_driver) StderrLine: {'line': b'                 from \x1b[01m\x1b[K/home/ubuntu/slam_project/agv2_ws/src/ydlidar_ros2_driver/src/ydlidar_ros2_driver_node.cpp:23\x1b[m\x1b[K:\n'}
[20.515213] (ydlidar_ros2_driver) StderrLine: {'line': b'\x1b[01m\x1b[K/opt/ros/humble/include/rclcpp/rclcpp/node.hpp:366:3:\x1b[m\x1b[K \x1b[01;36m\x1b[Knote: \x1b[m\x1b[Kcandidate: \xe2\x80\x98\x1b[01m\x1b[Kconst rclcpp::ParameterValue& rclcpp::Node::declare_parameter(const string&, const rclcpp::ParameterValue&, const ParameterDescriptor&, bool)\x1b[m\x1b[K\xe2\x80\x99\n'}
[20.516073] (ydlidar_ros2_driver) StderrLine: {'line': b'  366 |   \x1b[01;36m\x1b[Kdeclare_parameter\x1b[m\x1b[K(\n'}
[20.516879] (ydlidar_ros2_driver) StderrLine: {'line': b'      |   \x1b[01;36m\x1b[K^~~~~~~~~~~~~~~~~\x1b[m\x1b[K\n'}
[20.517704] (ydlidar_ros2_driver) StderrLine: {'line': b'\x1b[01m\x1b[K/opt/ros/humble/include/rclcpp/rclcpp/node.hpp:366:3:\x1b[m\x1b[K \x1b[01;36m\x1b[Knote: \x1b[m\x1b[K  candidate expects 4 arguments, 1 provided\n'}
[20.518679] (ydlidar_ros2_driver) StderrLine: {'line': b'\x1b[01m\x1b[K/opt/ros/humble/include/rclcpp/rclcpp/node.hpp:391:3:\x1b[m\x1b[K \x1b[01;36m\x1b[Knote: \x1b[m\x1b[Kcandidate: \xe2\x80\x98\x1b[01m\x1b[Kconst rclcpp::ParameterValue& rclcpp::Node::declare_parameter(const string&, rclcpp::ParameterType, const ParameterDescriptor&, bool)\x1b[m\x1b[K\xe2\x80\x99\n'}
[20.519553] (ydlidar_ros2_driver) StderrLine: {'line': b'  391 |   \x1b[01;36m\x1b[Kdeclare_parameter\x1b[m\x1b[K(\n'}
[20.520301] (ydlidar_ros2_driver) StderrLine: {'line': b'      |   \x1b[01;36m\x1b[K^~~~~~~~~~~~~~~~~\x1b[m\x1b[K\n'}
[20.521079] (ydlidar_ros2_driver) StderrLine: {'line': b'\x1b[01m\x1b[K/opt/ros/humble/include/rclcpp/rclcpp/node.hpp:391:3:\x1b[m\x1b[K \x1b[01;36m\x1b[Knote: \x1b[m\x1b[K  candidate expects 4 arguments, 1 provided\n'}
[20.521908] (ydlidar_ros2_driver) StderrLine: {'line': b'\x1b[01m\x1b[K/home/ubuntu/slam_project/agv2_ws/src/ydlidar_ros2_driver/src/ydlidar_ros2_driver_node.cpp:88:26:\x1b[m\x1b[K \x1b[01;31m\x1b[Kerror: \x1b[m\x1b[Kno matching function for call to \xe2\x80\x98\x1b[01m\x1b[Krclcpp::Node::declare_parameter(const char [14])\x1b[m\x1b[K\xe2\x80\x99\n'}
[20.522804] (ydlidar_ros2_driver) StderrLine: {'line': b'   88 |   \x1b[01;31m\x1b[Knode->declare_parameter("intensity_bit")\x1b[m\x1b[K;\n'}
[20.523595] (ydlidar_ros2_driver) StderrLine: {'line': b'      |   \x1b[01;31m\x1b[K~~~~~~~~~~~~~~~~~~~~~~~^~~~~~~~~~~~~~~~~\x1b[m\x1b[K\n'}
[20.524370] (ydlidar_ros2_driver) StderrLine: {'line': b'In file included from \x1b[01m\x1b[K/opt/ros/humble/include/rclcpp/rclcpp/executors/single_threaded_executor.hpp:28\x1b[m\x1b[K,\n'}
[20.525184] (ydlidar_ros2_driver) StderrLine: {'line': b'                 from \x1b[01m\x1b[K/opt/ros/humble/include/rclcpp/rclcpp/executors.hpp:22\x1b[m\x1b[K,\n'}
[20.525987] (ydlidar_ros2_driver) StderrLine: {'line': b'                 from \x1b[01m\x1b[K/opt/ros/humble/include/rclcpp/rclcpp/rclcpp.hpp:155\x1b[m\x1b[K,\n'}
[20.526866] (ydlidar_ros2_driver) StderrLine: {'line': b'                 from \x1b[01m\x1b[K/home/ubuntu/slam_project/agv2_ws/src/ydlidar_ros2_driver/src/ydlidar_ros2_driver_node.cpp:23\x1b[m\x1b[K:\n'}
[20.527674] (ydlidar_ros2_driver) StderrLine: {'line': b'\x1b[01m\x1b[K/opt/ros/humble/include/rclcpp/rclcpp/node.hpp:421:3:\x1b[m\x1b[K \x1b[01;36m\x1b[Knote: \x1b[m\x1b[Kcandidate: \xe2\x80\x98\x1b[01m\x1b[Ktemplate<class ParameterT> auto rclcpp::Node::declare_parameter(const string&, const ParameterT&, const ParameterDescriptor&, bool)\x1b[m\x1b[K\xe2\x80\x99\n'}
[20.528512] (ydlidar_ros2_driver) StderrLine: {'line': b'  421 |   \x1b[01;36m\x1b[Kdeclare_parameter\x1b[m\x1b[K(\n'}
[20.529309] (ydlidar_ros2_driver) StderrLine: {'line': b'      |   \x1b[01;36m\x1b[K^~~~~~~~~~~~~~~~~\x1b[m\x1b[K\n'}
[20.530102] (ydlidar_ros2_driver) StderrLine: {'line': b'\x1b[01m\x1b[K/opt/ros/humble/include/rclcpp/rclcpp/node.hpp:421:3:\x1b[m\x1b[K \x1b[01;36m\x1b[Knote: \x1b[m\x1b[K  template argument deduction/substitution failed:\n'}
[20.530977] (ydlidar_ros2_driver) StderrLine: {'line': b'\x1b[01m\x1b[K/home/ubuntu/slam_project/agv2_ws/src/ydlidar_ros2_driver/src/ydlidar_ros2_driver_node.cpp:88:26:\x1b[m\x1b[K \x1b[01;36m\x1b[Knote: \x1b[m\x1b[K  candidate expects 4 arguments, 1 provided\n'}
[20.531790] (ydlidar_ros2_driver) StderrLine: {'line': b'   88 |   \x1b[01;36m\x1b[Knode->declare_parameter("intensity_bit")\x1b[m\x1b[K;\n'}
[20.532597] (ydlidar_ros2_driver) StderrLine: {'line': b'      |   \x1b[01;36m\x1b[K~~~~~~~~~~~~~~~~~~~~~~~^~~~~~~~~~~~~~~~~\x1b[m\x1b[K\n'}
[20.533418] (ydlidar_ros2_driver) StderrLine: {'line': b'In file included from \x1b[01m\x1b[K/opt/ros/humble/include/rclcpp/rclcpp/executors/single_threaded_executor.hpp:28\x1b[m\x1b[K,\n'}
[20.534246] (ydlidar_ros2_driver) StderrLine: {'line': b'                 from \x1b[01m\x1b[K/opt/ros/humble/include/rclcpp/rclcpp/executors.hpp:22\x1b[m\x1b[K,\n'}
[20.535002] (ydlidar_ros2_driver) StderrLine: {'line': b'                 from \x1b[01m\x1b[K/opt/ros/humble/include/rclcpp/rclcpp/rclcpp.hpp:155\x1b[m\x1b[K,\n'}
[20.535786] (ydlidar_ros2_driver) StderrLine: {'line': b'                 from \x1b[01m\x1b[K/home/ubuntu/slam_project/agv2_ws/src/ydlidar_ros2_driver/src/ydlidar_ros2_driver_node.cpp:23\x1b[m\x1b[K:\n'}
[20.536568] (ydlidar_ros2_driver) StderrLine: {'line': b'\x1b[01m\x1b[K/opt/ros/humble/include/rclcpp/rclcpp/node.hpp:434:3:\x1b[m\x1b[K \x1b[01;36m\x1b[Knote: \x1b[m\x1b[Kcandidate: \xe2\x80\x98\x1b[01m\x1b[Ktemplate<class ParameterT> auto rclcpp::Node::declare_parameter(const string&, const ParameterDescriptor&, bool)\x1b[m\x1b[K\xe2\x80\x99\n'}
[20.537331] (ydlidar_ros2_driver) StderrLine: {'line': b'  434 |   \x1b[01;36m\x1b[Kdeclare_parameter\x1b[m\x1b[K(\n'}
[20.538089] (ydlidar_ros2_driver) StderrLine: {'line': b'      |   \x1b[01;36m\x1b[K^~~~~~~~~~~~~~~~~\x1b[m\x1b[K\n'}
[20.538979] (ydlidar_ros2_driver) StderrLine: {'line': b'\x1b[01m\x1b[K/opt/ros/humble/include/rclcpp/rclcpp/node.hpp:434:3:\x1b[m\x1b[K \x1b[01;36m\x1b[Knote: \x1b[m\x1b[K  template argument deduction/substitution failed:\n'}
[20.539758] (ydlidar_ros2_driver) StderrLine: {'line': b'\x1b[01m\x1b[K/home/ubuntu/slam_project/agv2_ws/src/ydlidar_ros2_driver/src/ydlidar_ros2_driver_node.cpp:88:26:\x1b[m\x1b[K \x1b[01;36m\x1b[Knote: \x1b[m\x1b[K  couldn\xe2\x80\x99t deduce template parameter \xe2\x80\x98\x1b[01m\x1b[KParameterT\x1b[m\x1b[K\xe2\x80\x99\n'}
[20.540669] (ydlidar_ros2_driver) StderrLine: {'line': b'   88 |   \x1b[01;36m\x1b[Knode->declare_parameter("intensity_bit")\x1b[m\x1b[K;\n'}
[20.541486] (ydlidar_ros2_driver) StderrLine: {'line': b'      |   \x1b[01;36m\x1b[K~~~~~~~~~~~~~~~~~~~~~~~^~~~~~~~~~~~~~~~~\x1b[m\x1b[K\n'}
[20.542367] (ydlidar_ros2_driver) StderrLine: {'line': b'In file included from \x1b[01m\x1b[K/opt/ros/humble/include/rclcpp/rclcpp/executors/single_threaded_executor.hpp:28\x1b[m\x1b[K,\n'}
[20.543261] (ydlidar_ros2_driver) StderrLine: {'line': b'                 from \x1b[01m\x1b[K/opt/ros/humble/include/rclcpp/rclcpp/executors.hpp:22\x1b[m\x1b[K,\n'}
[20.544090] (ydlidar_ros2_driver) StderrLine: {'line': b'                 from \x1b[01m\x1b[K/opt/ros/humble/include/rclcpp/rclcpp/rclcpp.hpp:155\x1b[m\x1b[K,\n'}
[20.544911] (ydlidar_ros2_driver) StderrLine: {'line': b'                 from \x1b[01m\x1b[K/home/ubuntu/slam_project/agv2_ws/src/ydlidar_ros2_driver/src/ydlidar_ros2_driver_node.cpp:23\x1b[m\x1b[K:\n'}
[20.545854] (ydlidar_ros2_driver) StderrLine: {'line': b'\x1b[01m\x1b[K/opt/ros/humble/include/rclcpp/rclcpp/node.hpp:366:3:\x1b[m\x1b[K \x1b[01;36m\x1b[Knote: \x1b[m\x1b[Kcandidate: \xe2\x80\x98\x1b[01m\x1b[Kconst rclcpp::ParameterValue& rclcpp::Node::declare_parameter(const string&, const rclcpp::ParameterValue&, const ParameterDescriptor&, bool)\x1b[m\x1b[K\xe2\x80\x99\n'}
[20.546837] (ydlidar_ros2_driver) StderrLine: {'line': b'  366 |   \x1b[01;36m\x1b[Kdeclare_parameter\x1b[m\x1b[K(\n'}
[20.547664] (ydlidar_ros2_driver) StderrLine: {'line': b'      |   \x1b[01;36m\x1b[K^~~~~~~~~~~~~~~~~\x1b[m\x1b[K\n'}
[20.548484] (ydlidar_ros2_driver) StderrLine: {'line': b'\x1b[01m\x1b[K/opt/ros/humble/include/rclcpp/rclcpp/node.hpp:366:3:\x1b[m\x1b[K \x1b[01;36m\x1b[Knote: \x1b[m\x1b[K  candidate expects 4 arguments, 1 provided\n'}
[20.549220] (ydlidar_ros2_driver) StderrLine: {'line': b'\x1b[01m\x1b[K/opt/ros/humble/include/rclcpp/rclcpp/node.hpp:391:3:\x1b[m\x1b[K \x1b[01;36m\x1b[Knote: \x1b[m\x1b[Kcandidate: \xe2\x80\x98\x1b[01m\x1b[Kconst rclcpp::ParameterValue& rclcpp::Node::declare_parameter(const string&, rclcpp::ParameterType, const ParameterDescriptor&, bool)\x1b[m\x1b[K\xe2\x80\x99\n'}
[20.550016] (ydlidar_ros2_driver) StderrLine: {'line': b'  391 |   \x1b[01;36m\x1b[Kdeclare_parameter\x1b[m\x1b[K(\n'}
[20.550942] (ydlidar_ros2_driver) StderrLine: {'line': b'      |   \x1b[01;36m\x1b[K^~~~~~~~~~~~~~~~~\x1b[m\x1b[K\n'}
[20.551825] (ydlidar_ros2_driver) StderrLine: {'line': b'\x1b[01m\x1b[K/opt/ros/humble/include/rclcpp/rclcpp/node.hpp:391:3:\x1b[m\x1b[K \x1b[01;36m\x1b[Knote: \x1b[m\x1b[K  candidate expects 4 arguments, 1 provided\n'}
[20.552525] (ydlidar_ros2_driver) StderrLine: {'line': b'\x1b[01m\x1b[K/home/ubuntu/slam_project/agv2_ws/src/ydlidar_ros2_driver/src/ydlidar_ros2_driver_node.cpp:95:26:\x1b[m\x1b[K \x1b[01;31m\x1b[Kerror: \x1b[m\x1b[Kno matching function for call to \xe2\x80\x98\x1b[01m\x1b[Krclcpp::Node::declare_parameter(const char [17])\x1b[m\x1b[K\xe2\x80\x99\n'}
[20.553241] (ydlidar_ros2_driver) StderrLine: {'line': b'   95 |   \x1b[01;31m\x1b[Knode->declare_parameter("fixed_resolution")\x1b[m\x1b[K;\n'}
[20.553989] (ydlidar_ros2_driver) StderrLine: {'line': b'      |   \x1b[01;31m\x1b[K~~~~~~~~~~~~~~~~~~~~~~~^~~~~~~~~~~~~~~~~~~~\x1b[m\x1b[K\n'}
[20.554715] (ydlidar_ros2_driver) StderrLine: {'line': b'In file included from \x1b[01m\x1b[K/opt/ros/humble/include/rclcpp/rclcpp/executors/single_threaded_executor.hpp:28\x1b[m\x1b[K,\n'}
[20.555414] (ydlidar_ros2_driver) StderrLine: {'line': b'                 from \x1b[01m\x1b[K/opt/ros/humble/include/rclcpp/rclcpp/executors.hpp:22\x1b[m\x1b[K,\n'}
[20.556010] (ydlidar_ros2_driver) StderrLine: {'line': b'                 from \x1b[01m\x1b[K/opt/ros/humble/include/rclcpp/rclcpp/rclcpp.hpp:155\x1b[m\x1b[K,\n'}
[20.556777] (ydlidar_ros2_driver) StderrLine: {'line': b'                 from \x1b[01m\x1b[K/home/ubuntu/slam_project/agv2_ws/src/ydlidar_ros2_driver/src/ydlidar_ros2_driver_node.cpp:23\x1b[m\x1b[K:\n'}
[20.557445] (ydlidar_ros2_driver) StderrLine: {'line': b'\x1b[01m\x1b[K/opt/ros/humble/include/rclcpp/rclcpp/node.hpp:421:3:\x1b[m\x1b[K \x1b[01;36m\x1b[Knote: \x1b[m\x1b[Kcandidate: \xe2\x80\x98\x1b[01m\x1b[Ktemplate<class ParameterT> auto rclcpp::Node::declare_parameter(const string&, const ParameterT&, const ParameterDescriptor&, bool)\x1b[m\x1b[K\xe2\x80\x99\n'}
[20.558115] (ydlidar_ros2_driver) StderrLine: {'line': b'  421 |   \x1b[01;36m\x1b[Kdeclare_parameter\x1b[m\x1b[K(\n'}
[20.558875] (ydlidar_ros2_driver) StderrLine: {'line': b'      |   \x1b[01;36m\x1b[K^~~~~~~~~~~~~~~~~\x1b[m\x1b[K\n'}
[20.559597] (ydlidar_ros2_driver) StderrLine: {'line': b'\x1b[01m\x1b[K/opt/ros/humble/include/rclcpp/rclcpp/node.hpp:421:3:\x1b[m\x1b[K \x1b[01;36m\x1b[Knote: \x1b[m\x1b[K  template argument deduction/substitution failed:\n'}
[20.560280] (ydlidar_ros2_driver) StderrLine: {'line': b'\x1b[01m\x1b[K/home/ubuntu/slam_project/agv2_ws/src/ydlidar_ros2_driver/src/ydlidar_ros2_driver_node.cpp:95:26:\x1b[m\x1b[K \x1b[01;36m\x1b[Knote: \x1b[m\x1b[K  candidate expects 4 arguments, 1 provided\n'}
[20.560982] (ydlidar_ros2_driver) StderrLine: {'line': b'   95 |   \x1b[01;36m\x1b[Knode->declare_parameter("fixed_resolution")\x1b[m\x1b[K;\n'}
[20.561685] (ydlidar_ros2_driver) StderrLine: {'line': b'      |   \x1b[01;36m\x1b[K~~~~~~~~~~~~~~~~~~~~~~~^~~~~~~~~~~~~~~~~~~~\x1b[m\x1b[K\n'}
[20.562389] (ydlidar_ros2_driver) StderrLine: {'line': b'In file included from \x1b[01m\x1b[K/opt/ros/humble/include/rclcpp/rclcpp/executors/single_threaded_executor.hpp:28\x1b[m\x1b[K,\n'}
[20.563141] (ydlidar_ros2_driver) StderrLine: {'line': b'                 from \x1b[01m\x1b[K/opt/ros/humble/include/rclcpp/rclcpp/executors.hpp:22\x1b[m\x1b[K,\n'}
[20.563830] (ydlidar_ros2_driver) StderrLine: {'line': b'                 from \x1b[01m\x1b[K/opt/ros/humble/include/rclcpp/rclcpp/rclcpp.hpp:155\x1b[m\x1b[K,\n'}
[20.564546] (ydlidar_ros2_driver) StderrLine: {'line': b'                 from \x1b[01m\x1b[K/home/ubuntu/slam_project/agv2_ws/src/ydlidar_ros2_driver/src/ydlidar_ros2_driver_node.cpp:23\x1b[m\x1b[K:\n'}
[20.565253] (ydlidar_ros2_driver) StderrLine: {'line': b'\x1b[01m\x1b[K/opt/ros/humble/include/rclcpp/rclcpp/node.hpp:434:3:\x1b[m\x1b[K \x1b[01;36m\x1b[Knote: \x1b[m\x1b[Kcandidate: \xe2\x80\x98\x1b[01m\x1b[Ktemplate<class ParameterT> auto rclcpp::Node::declare_parameter(const string&, const ParameterDescriptor&, bool)\x1b[m\x1b[K\xe2\x80\x99\n'}
[20.575912] (-) TimerEvent: {}
[20.577598] (ydlidar_ros2_driver) StderrLine: {'line': b'  434 |   \x1b[01;36m\x1b[Kdeclare_parameter\x1b[m\x1b[K(\n'}
[20.578490] (ydlidar_ros2_driver) StderrLine: {'line': b'      |   \x1b[01;36m\x1b[K^~~~~~~~~~~~~~~~~\x1b[m\x1b[K\n'}
[20.579341] (ydlidar_ros2_driver) StderrLine: {'line': b'\x1b[01m\x1b[K/opt/ros/humble/include/rclcpp/rclcpp/node.hpp:434:3:\x1b[m\x1b[K \x1b[01;36m\x1b[Knote: \x1b[m\x1b[K  template argument deduction/substitution failed:\n'}
[20.580225] (ydlidar_ros2_driver) StderrLine: {'line': b'\x1b[01m\x1b[K/home/ubuntu/slam_project/agv2_ws/src/ydlidar_ros2_driver/src/ydlidar_ros2_driver_node.cpp:95:26:\x1b[m\x1b[K \x1b[01;36m\x1b[Knote: \x1b[m\x1b[K  couldn\xe2\x80\x99t deduce template parameter \xe2\x80\x98\x1b[01m\x1b[KParameterT\x1b[m\x1b[K\xe2\x80\x99\n'}
[20.581457] (ydlidar_ros2_driver) StderrLine: {'line': b'   95 |   \x1b[01;36m\x1b[Knode->declare_parameter("fixed_resolution")\x1b[m\x1b[K;\n'}
[20.582311] (ydlidar_ros2_driver) StderrLine: {'line': b'      |   \x1b[01;36m\x1b[K~~~~~~~~~~~~~~~~~~~~~~~^~~~~~~~~~~~~~~~~~~~\x1b[m\x1b[K\n'}
[20.583187] (ydlidar_ros2_driver) StderrLine: {'line': b'In file included from \x1b[01m\x1b[K/opt/ros/humble/include/rclcpp/rclcpp/executors/single_threaded_executor.hpp:28\x1b[m\x1b[K,\n'}
[20.584010] (ydlidar_ros2_driver) StderrLine: {'line': b'                 from \x1b[01m\x1b[K/opt/ros/humble/include/rclcpp/rclcpp/executors.hpp:22\x1b[m\x1b[K,\n'}
[20.584774] (ydlidar_ros2_driver) StderrLine: {'line': b'                 from \x1b[01m\x1b[K/opt/ros/humble/include/rclcpp/rclcpp/rclcpp.hpp:155\x1b[m\x1b[K,\n'}
[20.585522] (ydlidar_ros2_driver) StderrLine: {'line': b'                 from \x1b[01m\x1b[K/home/ubuntu/slam_project/agv2_ws/src/ydlidar_ros2_driver/src/ydlidar_ros2_driver_node.cpp:23\x1b[m\x1b[K:\n'}
[20.586274] (ydlidar_ros2_driver) StderrLine: {'line': b'\x1b[01m\x1b[K/opt/ros/humble/include/rclcpp/rclcpp/node.hpp:366:3:\x1b[m\x1b[K \x1b[01;36m\x1b[Knote: \x1b[m\x1b[Kcandidate: \xe2\x80\x98\x1b[01m\x1b[Kconst rclcpp::ParameterValue& rclcpp::Node::declare_parameter(const string&, const rclcpp::ParameterValue&, const ParameterDescriptor&, bool)\x1b[m\x1b[K\xe2\x80\x99\n'}
[20.587170] (ydlidar_ros2_driver) StderrLine: {'line': b'  366 |   \x1b[01;36m\x1b[Kdeclare_parameter\x1b[m\x1b[K(\n'}
[20.587917] (ydlidar_ros2_driver) StderrLine: {'line': b'      |   \x1b[01;36m\x1b[K^~~~~~~~~~~~~~~~~\x1b[m\x1b[K\n'}
[20.588682] (ydlidar_ros2_driver) StderrLine: {'line': b'\x1b[01m\x1b[K/opt/ros/humble/include/rclcpp/rclcpp/node.hpp:366:3:\x1b[m\x1b[K \x1b[01;36m\x1b[Knote: \x1b[m\x1b[K  candidate expects 4 arguments, 1 provided\n'}
[20.589488] (ydlidar_ros2_driver) StderrLine: {'line': b'\x1b[01m\x1b[K/opt/ros/humble/include/rclcpp/rclcpp/node.hpp:391:3:\x1b[m\x1b[K \x1b[01;36m\x1b[Knote: \x1b[m\x1b[Kcandidate: \xe2\x80\x98\x1b[01m\x1b[Kconst rclcpp::ParameterValue& rclcpp::Node::declare_parameter(const string&, rclcpp::ParameterType, const ParameterDescriptor&, bool)\x1b[m\x1b[K\xe2\x80\x99\n'}
[20.590267] (ydlidar_ros2_driver) StderrLine: {'line': b'  391 |   \x1b[01;36m\x1b[Kdeclare_parameter\x1b[m\x1b[K(\n'}
[20.591110] (ydlidar_ros2_driver) StderrLine: {'line': b'      |   \x1b[01;36m\x1b[K^~~~~~~~~~~~~~~~~\x1b[m\x1b[K\n'}
[20.591895] (ydlidar_ros2_driver) StderrLine: {'line': b'\x1b[01m\x1b[K/opt/ros/humble/include/rclcpp/rclcpp/node.hpp:391:3:\x1b[m\x1b[K \x1b[01;36m\x1b[Knote: \x1b[m\x1b[K  candidate expects 4 arguments, 1 provided\n'}
[20.592636] (ydlidar_ros2_driver) StderrLine: {'line': b'\x1b[01m\x1b[K/home/ubuntu/slam_project/agv2_ws/src/ydlidar_ros2_driver/src/ydlidar_ros2_driver_node.cpp:100:26:\x1b[m\x1b[K \x1b[01;31m\x1b[Kerror: \x1b[m\x1b[Kno matching function for call to \xe2\x80\x98\x1b[01m\x1b[Krclcpp::Node::declare_parameter(const char [10])\x1b[m\x1b[K\xe2\x80\x99\n'}
[20.593436] (ydlidar_ros2_driver) StderrLine: {'line': b'  100 |   \x1b[01;31m\x1b[Knode->declare_parameter("reversion")\x1b[m\x1b[K;\n'}
[20.594217] (ydlidar_ros2_driver) StderrLine: {'line': b'      |   \x1b[01;31m\x1b[K~~~~~~~~~~~~~~~~~~~~~~~^~~~~~~~~~~~~\x1b[m\x1b[K\n'}
[20.595175] (ydlidar_ros2_driver) StderrLine: {'line': b'In file included from \x1b[01m\x1b[K/opt/ros/humble/include/rclcpp/rclcpp/executors/single_threaded_executor.hpp:28\x1b[m\x1b[K,\n'}
[20.595952] (ydlidar_ros2_driver) StderrLine: {'line': b'                 from \x1b[01m\x1b[K/opt/ros/humble/include/rclcpp/rclcpp/executors.hpp:22\x1b[m\x1b[K,\n'}
[20.596698] (ydlidar_ros2_driver) StderrLine: {'line': b'                 from \x1b[01m\x1b[K/opt/ros/humble/include/rclcpp/rclcpp/rclcpp.hpp:155\x1b[m\x1b[K,\n'}
[20.597506] (ydlidar_ros2_driver) StderrLine: {'line': b'                 from \x1b[01m\x1b[K/home/ubuntu/slam_project/agv2_ws/src/ydlidar_ros2_driver/src/ydlidar_ros2_driver_node.cpp:23\x1b[m\x1b[K:\n'}
[20.598250] (ydlidar_ros2_driver) StderrLine: {'line': b'\x1b[01m\x1b[K/opt/ros/humble/include/rclcpp/rclcpp/node.hpp:421:3:\x1b[m\x1b[K \x1b[01;36m\x1b[Knote: \x1b[m\x1b[Kcandidate: \xe2\x80\x98\x1b[01m\x1b[Ktemplate<class ParameterT> auto rclcpp::Node::declare_parameter(const string&, const ParameterT&, const ParameterDescriptor&, bool)\x1b[m\x1b[K\xe2\x80\x99\n'}
[20.599085] (ydlidar_ros2_driver) StderrLine: {'line': b'  421 |   \x1b[01;36m\x1b[Kdeclare_parameter\x1b[m\x1b[K(\n'}
[20.599860] (ydlidar_ros2_driver) StderrLine: {'line': b'      |   \x1b[01;36m\x1b[K^~~~~~~~~~~~~~~~~\x1b[m\x1b[K\n'}
[20.600626] (ydlidar_ros2_driver) StderrLine: {'line': b'\x1b[01m\x1b[K/opt/ros/humble/include/rclcpp/rclcpp/node.hpp:421:3:\x1b[m\x1b[K \x1b[01;36m\x1b[Knote: \x1b[m\x1b[K  template argument deduction/substitution failed:\n'}
[20.601386] (ydlidar_ros2_driver) StderrLine: {'line': b'\x1b[01m\x1b[K/home/ubuntu/slam_project/agv2_ws/src/ydlidar_ros2_driver/src/ydlidar_ros2_driver_node.cpp:100:26:\x1b[m\x1b[K \x1b[01;36m\x1b[Knote: \x1b[m\x1b[K  candidate expects 4 arguments, 1 provided\n'}
[20.602144] (ydlidar_ros2_driver) StderrLine: {'line': b'  100 |   \x1b[01;36m\x1b[Knode->declare_parameter("reversion")\x1b[m\x1b[K;\n'}
[20.602974] (ydlidar_ros2_driver) StderrLine: {'line': b'      |   \x1b[01;36m\x1b[K~~~~~~~~~~~~~~~~~~~~~~~^~~~~~~~~~~~~\x1b[m\x1b[K\n'}
[20.603757] (ydlidar_ros2_driver) StderrLine: {'line': b'In file included from \x1b[01m\x1b[K/opt/ros/humble/include/rclcpp/rclcpp/executors/single_threaded_executor.hpp:28\x1b[m\x1b[K,\n'}
[20.604448] (ydlidar_ros2_driver) StderrLine: {'line': b'                 from \x1b[01m\x1b[K/opt/ros/humble/include/rclcpp/rclcpp/executors.hpp:22\x1b[m\x1b[K,\n'}
[20.605199] (ydlidar_ros2_driver) StderrLine: {'line': b'                 from \x1b[01m\x1b[K/opt/ros/humble/include/rclcpp/rclcpp/rclcpp.hpp:155\x1b[m\x1b[K,\n'}
[20.605904] (ydlidar_ros2_driver) StderrLine: {'line': b'                 from \x1b[01m\x1b[K/home/ubuntu/slam_project/agv2_ws/src/ydlidar_ros2_driver/src/ydlidar_ros2_driver_node.cpp:23\x1b[m\x1b[K:\n'}
[20.606717] (ydlidar_ros2_driver) StderrLine: {'line': b'\x1b[01m\x1b[K/opt/ros/humble/include/rclcpp/rclcpp/node.hpp:434:3:\x1b[m\x1b[K \x1b[01;36m\x1b[Knote: \x1b[m\x1b[Kcandidate: \xe2\x80\x98\x1b[01m\x1b[Ktemplate<class ParameterT> auto rclcpp::Node::declare_parameter(const string&, const ParameterDescriptor&, bool)\x1b[m\x1b[K\xe2\x80\x99\n'}
[20.607549] (ydlidar_ros2_driver) StderrLine: {'line': b'  434 |   \x1b[01;36m\x1b[Kdeclare_parameter\x1b[m\x1b[K(\n'}
[20.608312] (ydlidar_ros2_driver) StderrLine: {'line': b'      |   \x1b[01;36m\x1b[K^~~~~~~~~~~~~~~~~\x1b[m\x1b[K\n'}
[20.609008] (ydlidar_ros2_driver) StderrLine: {'line': b'\x1b[01m\x1b[K/opt/ros/humble/include/rclcpp/rclcpp/node.hpp:434:3:\x1b[m\x1b[K \x1b[01;36m\x1b[Knote: \x1b[m\x1b[K  template argument deduction/substitution failed:\n'}
[20.609699] (ydlidar_ros2_driver) StderrLine: {'line': b'\x1b[01m\x1b[K/home/ubuntu/slam_project/agv2_ws/src/ydlidar_ros2_driver/src/ydlidar_ros2_driver_node.cpp:100:26:\x1b[m\x1b[K \x1b[01;36m\x1b[Knote: \x1b[m\x1b[K  couldn\xe2\x80\x99t deduce template parameter \xe2\x80\x98\x1b[01m\x1b[KParameterT\x1b[m\x1b[K\xe2\x80\x99\n'}
[20.610633] (ydlidar_ros2_driver) StderrLine: {'line': b'  100 |   \x1b[01;36m\x1b[Knode->declare_parameter("reversion")\x1b[m\x1b[K;\n'}
[20.611588] (ydlidar_ros2_driver) StderrLine: {'line': b'      |   \x1b[01;36m\x1b[K~~~~~~~~~~~~~~~~~~~~~~~^~~~~~~~~~~~~\x1b[m\x1b[K\n'}
[20.612317] (ydlidar_ros2_driver) StderrLine: {'line': b'In file included from \x1b[01m\x1b[K/opt/ros/humble/include/rclcpp/rclcpp/executors/single_threaded_executor.hpp:28\x1b[m\x1b[K,\n'}
[20.613029] (ydlidar_ros2_driver) StderrLine: {'line': b'                 from \x1b[01m\x1b[K/opt/ros/humble/include/rclcpp/rclcpp/executors.hpp:22\x1b[m\x1b[K,\n'}
[20.613824] (ydlidar_ros2_driver) StderrLine: {'line': b'                 from \x1b[01m\x1b[K/opt/ros/humble/include/rclcpp/rclcpp/rclcpp.hpp:155\x1b[m\x1b[K,\n'}
[20.614625] (ydlidar_ros2_driver) StderrLine: {'line': b'                 from \x1b[01m\x1b[K/home/ubuntu/slam_project/agv2_ws/src/ydlidar_ros2_driver/src/ydlidar_ros2_driver_node.cpp:23\x1b[m\x1b[K:\n'}
[20.615327] (ydlidar_ros2_driver) StderrLine: {'line': b'\x1b[01m\x1b[K/opt/ros/humble/include/rclcpp/rclcpp/node.hpp:366:3:\x1b[m\x1b[K \x1b[01;36m\x1b[Knote: \x1b[m\x1b[Kcandidate: \xe2\x80\x98\x1b[01m\x1b[Kconst rclcpp::ParameterValue& rclcpp::Node::declare_parameter(const string&, const rclcpp::ParameterValue&, const ParameterDescriptor&, bool)\x1b[m\x1b[K\xe2\x80\x99\n'}
[20.626852] (ydlidar_ros2_driver) StderrLine: {'line': b'  366 |   \x1b[01;36m\x1b[Kdeclare_parameter\x1b[m\x1b[K(\n'}
[20.627813] (ydlidar_ros2_driver) StderrLine: {'line': b'      |   \x1b[01;36m\x1b[K^~~~~~~~~~~~~~~~~\x1b[m\x1b[K\n'}
[20.628550] (ydlidar_ros2_driver) StderrLine: {'line': b'\x1b[01m\x1b[K/opt/ros/humble/include/rclcpp/rclcpp/node.hpp:366:3:\x1b[m\x1b[K \x1b[01;36m\x1b[Knote: \x1b[m\x1b[K  candidate expects 4 arguments, 1 provided\n'}
[20.629326] (ydlidar_ros2_driver) StderrLine: {'line': b'\x1b[01m\x1b[K/opt/ros/humble/include/rclcpp/rclcpp/node.hpp:391:3:\x1b[m\x1b[K \x1b[01;36m\x1b[Knote: \x1b[m\x1b[Kcandidate: \xe2\x80\x98\x1b[01m\x1b[Kconst rclcpp::ParameterValue& rclcpp::Node::declare_parameter(const string&, rclcpp::ParameterType, const ParameterDescriptor&, bool)\x1b[m\x1b[K\xe2\x80\x99\n'}
[20.630075] (ydlidar_ros2_driver) StderrLine: {'line': b'  391 |   \x1b[01;36m\x1b[Kdeclare_parameter\x1b[m\x1b[K(\n'}
[20.630898] (ydlidar_ros2_driver) StderrLine: {'line': b'      |   \x1b[01;36m\x1b[K^~~~~~~~~~~~~~~~~\x1b[m\x1b[K\n'}
[20.631638] (ydlidar_ros2_driver) StderrLine: {'line': b'\x1b[01m\x1b[K/opt/ros/humble/include/rclcpp/rclcpp/node.hpp:391:3:\x1b[m\x1b[K \x1b[01;36m\x1b[Knote: \x1b[m\x1b[K  candidate expects 4 arguments, 1 provided\n'}
[20.632348] (ydlidar_ros2_driver) StderrLine: {'line': b'\x1b[01m\x1b[K/home/ubuntu/slam_project/agv2_ws/src/ydlidar_ros2_driver/src/ydlidar_ros2_driver_node.cpp:105:26:\x1b[m\x1b[K \x1b[01;31m\x1b[Kerror: \x1b[m\x1b[Kno matching function for call to \xe2\x80\x98\x1b[01m\x1b[Krclcpp::Node::declare_parameter(const char [9])\x1b[m\x1b[K\xe2\x80\x99\n'}
[20.633138] (ydlidar_ros2_driver) StderrLine: {'line': b'  105 |   \x1b[01;31m\x1b[Knode->declare_parameter("inverted")\x1b[m\x1b[K;\n'}
[20.633894] (ydlidar_ros2_driver) StderrLine: {'line': b'      |   \x1b[01;31m\x1b[K~~~~~~~~~~~~~~~~~~~~~~~^~~~~~~~~~~~\x1b[m\x1b[K\n'}
[20.634764] (ydlidar_ros2_driver) StderrLine: {'line': b'In file included from \x1b[01m\x1b[K/opt/ros/humble/include/rclcpp/rclcpp/executors/single_threaded_executor.hpp:28\x1b[m\x1b[K,\n'}
[20.635616] (ydlidar_ros2_driver) StderrLine: {'line': b'                 from \x1b[01m\x1b[K/opt/ros/humble/include/rclcpp/rclcpp/executors.hpp:22\x1b[m\x1b[K,\n'}
[20.636427] (ydlidar_ros2_driver) StderrLine: {'line': b'                 from \x1b[01m\x1b[K/opt/ros/humble/include/rclcpp/rclcpp/rclcpp.hpp:155\x1b[m\x1b[K,\n'}
[20.637222] (ydlidar_ros2_driver) StderrLine: {'line': b'                 from \x1b[01m\x1b[K/home/ubuntu/slam_project/agv2_ws/src/ydlidar_ros2_driver/src/ydlidar_ros2_driver_node.cpp:23\x1b[m\x1b[K:\n'}
[20.638034] (ydlidar_ros2_driver) StderrLine: {'line': b'\x1b[01m\x1b[K/opt/ros/humble/include/rclcpp/rclcpp/node.hpp:421:3:\x1b[m\x1b[K \x1b[01;36m\x1b[Knote: \x1b[m\x1b[Kcandidate: \xe2\x80\x98\x1b[01m\x1b[Ktemplate<class ParameterT> auto rclcpp::Node::declare_parameter(const string&, const ParameterT&, const ParameterDescriptor&, bool)\x1b[m\x1b[K\xe2\x80\x99\n'}
[20.651407] (ydlidar_ros2_driver) StderrLine: {'line': b'  421 |   \x1b[01;36m\x1b[Kdeclare_parameter\x1b[m\x1b[K(\n'}
[20.652216] (ydlidar_ros2_driver) StderrLine: {'line': b'      |   \x1b[01;36m\x1b[K^~~~~~~~~~~~~~~~~\x1b[m\x1b[K\n'}
[20.652949] (ydlidar_ros2_driver) StderrLine: {'line': b'\x1b[01m\x1b[K/opt/ros/humble/include/rclcpp/rclcpp/node.hpp:421:3:\x1b[m\x1b[K \x1b[01;36m\x1b[Knote: \x1b[m\x1b[K  template argument deduction/substitution failed:\n'}
[20.653707] (ydlidar_ros2_driver) StderrLine: {'line': b'\x1b[01m\x1b[K/home/ubuntu/slam_project/agv2_ws/src/ydlidar_ros2_driver/src/ydlidar_ros2_driver_node.cpp:105:26:\x1b[m\x1b[K \x1b[01;36m\x1b[Knote: \x1b[m\x1b[K  candidate expects 4 arguments, 1 provided\n'}
[20.654415] (ydlidar_ros2_driver) StderrLine: {'line': b'  105 |   \x1b[01;36m\x1b[Knode->declare_parameter("inverted")\x1b[m\x1b[K;\n'}
[20.655237] (ydlidar_ros2_driver) StderrLine: {'line': b'      |   \x1b[01;36m\x1b[K~~~~~~~~~~~~~~~~~~~~~~~^~~~~~~~~~~~\x1b[m\x1b[K\n'}
[20.656023] (ydlidar_ros2_driver) StderrLine: {'line': b'In file included from \x1b[01m\x1b[K/opt/ros/humble/include/rclcpp/rclcpp/executors/single_threaded_executor.hpp:28\x1b[m\x1b[K,\n'}
[20.656729] (ydlidar_ros2_driver) StderrLine: {'line': b'                 from \x1b[01m\x1b[K/opt/ros/humble/include/rclcpp/rclcpp/executors.hpp:22\x1b[m\x1b[K,\n'}
[20.657509] (ydlidar_ros2_driver) StderrLine: {'line': b'                 from \x1b[01m\x1b[K/opt/ros/humble/include/rclcpp/rclcpp/rclcpp.hpp:155\x1b[m\x1b[K,\n'}
[20.658232] (ydlidar_ros2_driver) StderrLine: {'line': b'                 from \x1b[01m\x1b[K/home/ubuntu/slam_project/agv2_ws/src/ydlidar_ros2_driver/src/ydlidar_ros2_driver_node.cpp:23\x1b[m\x1b[K:\n'}
[20.659051] (ydlidar_ros2_driver) StderrLine: {'line': b'\x1b[01m\x1b[K/opt/ros/humble/include/rclcpp/rclcpp/node.hpp:434:3:\x1b[m\x1b[K \x1b[01;36m\x1b[Knote: \x1b[m\x1b[Kcandidate: \xe2\x80\x98\x1b[01m\x1b[Ktemplate<class ParameterT> auto rclcpp::Node::declare_parameter(const string&, const ParameterDescriptor&, bool)\x1b[m\x1b[K\xe2\x80\x99\n'}
[20.659905] (ydlidar_ros2_driver) StderrLine: {'line': b'  434 |   \x1b[01;36m\x1b[Kdeclare_parameter\x1b[m\x1b[K(\n'}
[20.660659] (ydlidar_ros2_driver) StderrLine: {'line': b'      |   \x1b[01;36m\x1b[K^~~~~~~~~~~~~~~~~\x1b[m\x1b[K\n'}
[20.661411] (ydlidar_ros2_driver) StderrLine: {'line': b'\x1b[01m\x1b[K/opt/ros/humble/include/rclcpp/rclcpp/node.hpp:434:3:\x1b[m\x1b[K \x1b[01;36m\x1b[Knote: \x1b[m\x1b[K  template argument deduction/substitution failed:\n'}
[20.662265] (ydlidar_ros2_driver) StderrLine: {'line': b'\x1b[01m\x1b[K/home/ubuntu/slam_project/agv2_ws/src/ydlidar_ros2_driver/src/ydlidar_ros2_driver_node.cpp:105:26:\x1b[m\x1b[K \x1b[01;36m\x1b[Knote: \x1b[m\x1b[K  couldn\xe2\x80\x99t deduce template parameter \xe2\x80\x98\x1b[01m\x1b[KParameterT\x1b[m\x1b[K\xe2\x80\x99\n'}
[20.675020] (ydlidar_ros2_driver) StderrLine: {'line': b'  105 |   \x1b[01;36m\x1b[Knode->declare_parameter("inverted")\x1b[m\x1b[K;\n'}
[20.675846] (ydlidar_ros2_driver) StderrLine: {'line': b'      |   \x1b[01;36m\x1b[K~~~~~~~~~~~~~~~~~~~~~~~^~~~~~~~~~~~\x1b[m\x1b[K\n'}
[20.676559] (-) TimerEvent: {}
[20.677229] (ydlidar_ros2_driver) StderrLine: {'line': b'In file included from \x1b[01m\x1b[K/opt/ros/humble/include/rclcpp/rclcpp/executors/single_threaded_executor.hpp:28\x1b[m\x1b[K,\n'}
[20.677955] (ydlidar_ros2_driver) StderrLine: {'line': b'                 from \x1b[01m\x1b[K/opt/ros/humble/include/rclcpp/rclcpp/executors.hpp:22\x1b[m\x1b[K,\n'}
[20.678818] (ydlidar_ros2_driver) StderrLine: {'line': b'                 from \x1b[01m\x1b[K/opt/ros/humble/include/rclcpp/rclcpp/rclcpp.hpp:155\x1b[m\x1b[K,\n'}
[20.679548] (ydlidar_ros2_driver) StderrLine: {'line': b'                 from \x1b[01m\x1b[K/home/ubuntu/slam_project/agv2_ws/src/ydlidar_ros2_driver/src/ydlidar_ros2_driver_node.cpp:23\x1b[m\x1b[K:\n'}
[20.680297] (ydlidar_ros2_driver) StderrLine: {'line': b'\x1b[01m\x1b[K/opt/ros/humble/include/rclcpp/rclcpp/node.hpp:366:3:\x1b[m\x1b[K \x1b[01;36m\x1b[Knote: \x1b[m\x1b[Kcandidate: \xe2\x80\x98\x1b[01m\x1b[Kconst rclcpp::ParameterValue& rclcpp::Node::declare_parameter(const string&, const rclcpp::ParameterValue&, const ParameterDescriptor&, bool)\x1b[m\x1b[K\xe2\x80\x99\n'}
[20.680986] (ydlidar_ros2_driver) StderrLine: {'line': b'  366 |   \x1b[01;36m\x1b[Kdeclare_parameter\x1b[m\x1b[K(\n'}
[20.681595] (ydlidar_ros2_driver) StderrLine: {'line': b'      |   \x1b[01;36m\x1b[K^~~~~~~~~~~~~~~~~\x1b[m\x1b[K\n'}
[20.682213] (ydlidar_ros2_driver) StderrLine: {'line': b'\x1b[01m\x1b[K/opt/ros/humble/include/rclcpp/rclcpp/node.hpp:366:3:\x1b[m\x1b[K \x1b[01;36m\x1b[Knote: \x1b[m\x1b[K  candidate expects 4 arguments, 1 provided\n'}
[20.682980] (ydlidar_ros2_driver) StderrLine: {'line': b'\x1b[01m\x1b[K/opt/ros/humble/include/rclcpp/rclcpp/node.hpp:391:3:\x1b[m\x1b[K \x1b[01;36m\x1b[Knote: \x1b[m\x1b[Kcandidate: \xe2\x80\x98\x1b[01m\x1b[Kconst rclcpp::ParameterValue& rclcpp::Node::declare_parameter(const string&, rclcpp::ParameterType, const ParameterDescriptor&, bool)\x1b[m\x1b[K\xe2\x80\x99\n'}
[20.683644] (ydlidar_ros2_driver) StderrLine: {'line': b'  391 |   \x1b[01;36m\x1b[Kdeclare_parameter\x1b[m\x1b[K(\n'}
[20.684302] (ydlidar_ros2_driver) StderrLine: {'line': b'      |   \x1b[01;36m\x1b[K^~~~~~~~~~~~~~~~~\x1b[m\x1b[K\n'}
[20.684861] (ydlidar_ros2_driver) StderrLine: {'line': b'\x1b[01m\x1b[K/opt/ros/humble/include/rclcpp/rclcpp/node.hpp:391:3:\x1b[m\x1b[K \x1b[01;36m\x1b[Knote: \x1b[m\x1b[K  candidate expects 4 arguments, 1 provided\n'}
[20.685449] (ydlidar_ros2_driver) StderrLine: {'line': b'\x1b[01m\x1b[K/home/ubuntu/slam_project/agv2_ws/src/ydlidar_ros2_driver/src/ydlidar_ros2_driver_node.cpp:109:26:\x1b[m\x1b[K \x1b[01;31m\x1b[Kerror: \x1b[m\x1b[Kno matching function for call to \xe2\x80\x98\x1b[01m\x1b[Krclcpp::Node::declare_parameter(const char [15])\x1b[m\x1b[K\xe2\x80\x99\n'}
[20.686033] (ydlidar_ros2_driver) StderrLine: {'line': b'  109 |   \x1b[01;31m\x1b[Knode->declare_parameter("auto_reconnect")\x1b[m\x1b[K;\n'}
[20.693701] (ydlidar_ros2_driver) StderrLine: {'line': b'      |   \x1b[01;31m\x1b[K~~~~~~~~~~~~~~~~~~~~~~~^~~~~~~~~~~~~~~~~~\x1b[m\x1b[K\n'}
[20.694448] (ydlidar_ros2_driver) StderrLine: {'line': b'In file included from \x1b[01m\x1b[K/opt/ros/humble/include/rclcpp/rclcpp/executors/single_threaded_executor.hpp:28\x1b[m\x1b[K,\n'}
[20.695299] (ydlidar_ros2_driver) StderrLine: {'line': b'                 from \x1b[01m\x1b[K/opt/ros/humble/include/rclcpp/rclcpp/executors.hpp:22\x1b[m\x1b[K,\n'}
[20.696166] (ydlidar_ros2_driver) StderrLine: {'line': b'                 from \x1b[01m\x1b[K/opt/ros/humble/include/rclcpp/rclcpp/rclcpp.hpp:155\x1b[m\x1b[K,\n'}
[20.696989] (ydlidar_ros2_driver) StderrLine: {'line': b'                 from \x1b[01m\x1b[K/home/ubuntu/slam_project/agv2_ws/src/ydlidar_ros2_driver/src/ydlidar_ros2_driver_node.cpp:23\x1b[m\x1b[K:\n'}
[20.697770] (ydlidar_ros2_driver) StderrLine: {'line': b'\x1b[01m\x1b[K/opt/ros/humble/include/rclcpp/rclcpp/node.hpp:421:3:\x1b[m\x1b[K \x1b[01;36m\x1b[Knote: \x1b[m\x1b[Kcandidate: \xe2\x80\x98\x1b[01m\x1b[Ktemplate<class ParameterT> auto rclcpp::Node::declare_parameter(const string&, const ParameterT&, const ParameterDescriptor&, bool)\x1b[m\x1b[K\xe2\x80\x99\n'}
[20.698584] (ydlidar_ros2_driver) StderrLine: {'line': b'  421 |   \x1b[01;36m\x1b[Kdeclare_parameter\x1b[m\x1b[K(\n'}
[20.699372] (ydlidar_ros2_driver) StderrLine: {'line': b'      |   \x1b[01;36m\x1b[K^~~~~~~~~~~~~~~~~\x1b[m\x1b[K\n'}
[20.700163] (ydlidar_ros2_driver) StderrLine: {'line': b'\x1b[01m\x1b[K/opt/ros/humble/include/rclcpp/rclcpp/node.hpp:421:3:\x1b[m\x1b[K \x1b[01;36m\x1b[Knote: \x1b[m\x1b[K  template argument deduction/substitution failed:\n'}
[20.701000] (ydlidar_ros2_driver) StderrLine: {'line': b'\x1b[01m\x1b[K/home/ubuntu/slam_project/agv2_ws/src/ydlidar_ros2_driver/src/ydlidar_ros2_driver_node.cpp:109:26:\x1b[m\x1b[K \x1b[01;36m\x1b[Knote: \x1b[m\x1b[K  candidate expects 4 arguments, 1 provided\n'}
[20.701985] (ydlidar_ros2_driver) StderrLine: {'line': b'  109 |   \x1b[01;36m\x1b[Knode->declare_parameter("auto_reconnect")\x1b[m\x1b[K;\n'}
[20.702934] (ydlidar_ros2_driver) StderrLine: {'line': b'      |   \x1b[01;36m\x1b[K~~~~~~~~~~~~~~~~~~~~~~~^~~~~~~~~~~~~~~~~~\x1b[m\x1b[K\n'}
[20.703714] (ydlidar_ros2_driver) StderrLine: {'line': b'In file included from \x1b[01m\x1b[K/opt/ros/humble/include/rclcpp/rclcpp/executors/single_threaded_executor.hpp:28\x1b[m\x1b[K,\n'}
[20.704462] (ydlidar_ros2_driver) StderrLine: {'line': b'                 from \x1b[01m\x1b[K/opt/ros/humble/include/rclcpp/rclcpp/executors.hpp:22\x1b[m\x1b[K,\n'}
[20.705208] (ydlidar_ros2_driver) StderrLine: {'line': b'                 from \x1b[01m\x1b[K/opt/ros/humble/include/rclcpp/rclcpp/rclcpp.hpp:155\x1b[m\x1b[K,\n'}
[20.706037] (ydlidar_ros2_driver) StderrLine: {'line': b'                 from \x1b[01m\x1b[K/home/ubuntu/slam_project/agv2_ws/src/ydlidar_ros2_driver/src/ydlidar_ros2_driver_node.cpp:23\x1b[m\x1b[K:\n'}
[20.706970] (ydlidar_ros2_driver) StderrLine: {'line': b'\x1b[01m\x1b[K/opt/ros/humble/include/rclcpp/rclcpp/node.hpp:434:3:\x1b[m\x1b[K \x1b[01;36m\x1b[Knote: \x1b[m\x1b[Kcandidate: \xe2\x80\x98\x1b[01m\x1b[Ktemplate<class ParameterT> auto rclcpp::Node::declare_parameter(const string&, const ParameterDescriptor&, bool)\x1b[m\x1b[K\xe2\x80\x99\n'}
[20.707836] (ydlidar_ros2_driver) StderrLine: {'line': b'  434 |   \x1b[01;36m\x1b[Kdeclare_parameter\x1b[m\x1b[K(\n'}
[20.719407] (ydlidar_ros2_driver) StderrLine: {'line': b'      |   \x1b[01;36m\x1b[K^~~~~~~~~~~~~~~~~\x1b[m\x1b[K\n'}
[20.720255] (ydlidar_ros2_driver) StderrLine: {'line': b'\x1b[01m\x1b[K/opt/ros/humble/include/rclcpp/rclcpp/node.hpp:434:3:\x1b[m\x1b[K \x1b[01;36m\x1b[Knote: \x1b[m\x1b[K  template argument deduction/substitution failed:\n'}
[20.721109] (ydlidar_ros2_driver) StderrLine: {'line': b'\x1b[01m\x1b[K/home/ubuntu/slam_project/agv2_ws/src/ydlidar_ros2_driver/src/ydlidar_ros2_driver_node.cpp:109:26:\x1b[m\x1b[K \x1b[01;36m\x1b[Knote: \x1b[m\x1b[K  couldn\xe2\x80\x99t deduce template parameter \xe2\x80\x98\x1b[01m\x1b[KParameterT\x1b[m\x1b[K\xe2\x80\x99\n'}
[20.721951] (ydlidar_ros2_driver) StderrLine: {'line': b'  109 |   \x1b[01;36m\x1b[Knode->declare_parameter("auto_reconnect")\x1b[m\x1b[K;\n'}
[20.722858] (ydlidar_ros2_driver) StderrLine: {'line': b'      |   \x1b[01;36m\x1b[K~~~~~~~~~~~~~~~~~~~~~~~^~~~~~~~~~~~~~~~~~\x1b[m\x1b[K\n'}
[20.723748] (ydlidar_ros2_driver) StderrLine: {'line': b'In file included from \x1b[01m\x1b[K/opt/ros/humble/include/rclcpp/rclcpp/executors/single_threaded_executor.hpp:28\x1b[m\x1b[K,\n'}
[20.724517] (ydlidar_ros2_driver) StderrLine: {'line': b'                 from \x1b[01m\x1b[K/opt/ros/humble/include/rclcpp/rclcpp/executors.hpp:22\x1b[m\x1b[K,\n'}
[20.725309] (ydlidar_ros2_driver) StderrLine: {'line': b'                 from \x1b[01m\x1b[K/opt/ros/humble/include/rclcpp/rclcpp/rclcpp.hpp:155\x1b[m\x1b[K,\n'}
[20.726042] (ydlidar_ros2_driver) StderrLine: {'line': b'                 from \x1b[01m\x1b[K/home/ubuntu/slam_project/agv2_ws/src/ydlidar_ros2_driver/src/ydlidar_ros2_driver_node.cpp:23\x1b[m\x1b[K:\n'}
[20.726845] (ydlidar_ros2_driver) StderrLine: {'line': b'\x1b[01m\x1b[K/opt/ros/humble/include/rclcpp/rclcpp/node.hpp:366:3:\x1b[m\x1b[K \x1b[01;36m\x1b[Knote: \x1b[m\x1b[Kcandidate: \xe2\x80\x98\x1b[01m\x1b[Kconst rclcpp::ParameterValue& rclcpp::Node::declare_parameter(const string&, const rclcpp::ParameterValue&, const ParameterDescriptor&, bool)\x1b[m\x1b[K\xe2\x80\x99\n'}
[20.727643] (ydlidar_ros2_driver) StderrLine: {'line': b'  366 |   \x1b[01;36m\x1b[Kdeclare_parameter\x1b[m\x1b[K(\n'}
[20.728422] (ydlidar_ros2_driver) StderrLine: {'line': b'      |   \x1b[01;36m\x1b[K^~~~~~~~~~~~~~~~~\x1b[m\x1b[K\n'}
[20.729230] (ydlidar_ros2_driver) StderrLine: {'line': b'\x1b[01m\x1b[K/opt/ros/humble/include/rclcpp/rclcpp/node.hpp:366:3:\x1b[m\x1b[K \x1b[01;36m\x1b[Knote: \x1b[m\x1b[K  candidate expects 4 arguments, 1 provided\n'}
[20.730089] (ydlidar_ros2_driver) StderrLine: {'line': b'\x1b[01m\x1b[K/opt/ros/humble/include/rclcpp/rclcpp/node.hpp:391:3:\x1b[m\x1b[K \x1b[01;36m\x1b[Knote: \x1b[m\x1b[Kcandidate: \xe2\x80\x98\x1b[01m\x1b[Kconst rclcpp::ParameterValue& rclcpp::Node::declare_parameter(const string&, rclcpp::ParameterType, const ParameterDescriptor&, bool)\x1b[m\x1b[K\xe2\x80\x99\n'}
[20.743469] (ydlidar_ros2_driver) StderrLine: {'line': b'  391 |   \x1b[01;36m\x1b[Kdeclare_parameter\x1b[m\x1b[K(\n'}
[20.744435] (ydlidar_ros2_driver) StderrLine: {'line': b'      |   \x1b[01;36m\x1b[K^~~~~~~~~~~~~~~~~\x1b[m\x1b[K\n'}
[20.745305] (ydlidar_ros2_driver) StderrLine: {'line': b'\x1b[01m\x1b[K/opt/ros/humble/include/rclcpp/rclcpp/node.hpp:391:3:\x1b[m\x1b[K \x1b[01;36m\x1b[Knote: \x1b[m\x1b[K  candidate expects 4 arguments, 1 provided\n'}
[20.746177] (ydlidar_ros2_driver) StderrLine: {'line': b'\x1b[01m\x1b[K/home/ubuntu/slam_project/agv2_ws/src/ydlidar_ros2_driver/src/ydlidar_ros2_driver_node.cpp:114:26:\x1b[m\x1b[K \x1b[01;31m\x1b[Kerror: \x1b[m\x1b[Kno matching function for call to \xe2\x80\x98\x1b[01m\x1b[Krclcpp::Node::declare_parameter(const char [16])\x1b[m\x1b[K\xe2\x80\x99\n'}
[20.747136] (ydlidar_ros2_driver) StderrLine: {'line': b'  114 |   \x1b[01;31m\x1b[Knode->declare_parameter("isSingleChannel")\x1b[m\x1b[K;\n'}
[20.748037] (ydlidar_ros2_driver) StderrLine: {'line': b'      |   \x1b[01;31m\x1b[K~~~~~~~~~~~~~~~~~~~~~~~^~~~~~~~~~~~~~~~~~~\x1b[m\x1b[K\n'}
[20.748924] (ydlidar_ros2_driver) StderrLine: {'line': b'In file included from \x1b[01m\x1b[K/opt/ros/humble/include/rclcpp/rclcpp/executors/single_threaded_executor.hpp:28\x1b[m\x1b[K,\n'}
[20.749810] (ydlidar_ros2_driver) StderrLine: {'line': b'                 from \x1b[01m\x1b[K/opt/ros/humble/include/rclcpp/rclcpp/executors.hpp:22\x1b[m\x1b[K,\n'}
[20.750707] (ydlidar_ros2_driver) StderrLine: {'line': b'                 from \x1b[01m\x1b[K/opt/ros/humble/include/rclcpp/rclcpp/rclcpp.hpp:155\x1b[m\x1b[K,\n'}
[20.751571] (ydlidar_ros2_driver) StderrLine: {'line': b'                 from \x1b[01m\x1b[K/home/ubuntu/slam_project/agv2_ws/src/ydlidar_ros2_driver/src/ydlidar_ros2_driver_node.cpp:23\x1b[m\x1b[K:\n'}
[20.752510] (ydlidar_ros2_driver) StderrLine: {'line': b'\x1b[01m\x1b[K/opt/ros/humble/include/rclcpp/rclcpp/node.hpp:421:3:\x1b[m\x1b[K \x1b[01;36m\x1b[Knote: \x1b[m\x1b[Kcandidate: \xe2\x80\x98\x1b[01m\x1b[Ktemplate<class ParameterT> auto rclcpp::Node::declare_parameter(const string&, const ParameterT&, const ParameterDescriptor&, bool)\x1b[m\x1b[K\xe2\x80\x99\n'}
[20.753522] (ydlidar_ros2_driver) StderrLine: {'line': b'  421 |   \x1b[01;36m\x1b[Kdeclare_parameter\x1b[m\x1b[K(\n'}
[20.754411] (ydlidar_ros2_driver) StderrLine: {'line': b'      |   \x1b[01;36m\x1b[K^~~~~~~~~~~~~~~~~\x1b[m\x1b[K\n'}
[20.767566] (ydlidar_ros2_driver) StderrLine: {'line': b'\x1b[01m\x1b[K/opt/ros/humble/include/rclcpp/rclcpp/node.hpp:421:3:\x1b[m\x1b[K \x1b[01;36m\x1b[Knote: \x1b[m\x1b[K  template argument deduction/substitution failed:\n'}
[20.768388] (ydlidar_ros2_driver) StderrLine: {'line': b'\x1b[01m\x1b[K/home/ubuntu/slam_project/agv2_ws/src/ydlidar_ros2_driver/src/ydlidar_ros2_driver_node.cpp:114:26:\x1b[m\x1b[K \x1b[01;36m\x1b[Knote: \x1b[m\x1b[K  candidate expects 4 arguments, 1 provided\n'}
[20.769193] (ydlidar_ros2_driver) StderrLine: {'line': b'  114 |   \x1b[01;36m\x1b[Knode->declare_parameter("isSingleChannel")\x1b[m\x1b[K;\n'}
[20.769956] (ydlidar_ros2_driver) StderrLine: {'line': b'      |   \x1b[01;36m\x1b[K~~~~~~~~~~~~~~~~~~~~~~~^~~~~~~~~~~~~~~~~~~\x1b[m\x1b[K\n'}
[20.770797] (ydlidar_ros2_driver) StderrLine: {'line': b'In file included from \x1b[01m\x1b[K/opt/ros/humble/include/rclcpp/rclcpp/executors/single_threaded_executor.hpp:28\x1b[m\x1b[K,\n'}
[20.771625] (ydlidar_ros2_driver) StderrLine: {'line': b'                 from \x1b[01m\x1b[K/opt/ros/humble/include/rclcpp/rclcpp/executors.hpp:22\x1b[m\x1b[K,\n'}
[20.772377] (ydlidar_ros2_driver) StderrLine: {'line': b'                 from \x1b[01m\x1b[K/opt/ros/humble/include/rclcpp/rclcpp/rclcpp.hpp:155\x1b[m\x1b[K,\n'}
[20.773158] (ydlidar_ros2_driver) StderrLine: {'line': b'                 from \x1b[01m\x1b[K/home/ubuntu/slam_project/agv2_ws/src/ydlidar_ros2_driver/src/ydlidar_ros2_driver_node.cpp:23\x1b[m\x1b[K:\n'}
[20.774026] (ydlidar_ros2_driver) StderrLine: {'line': b'\x1b[01m\x1b[K/opt/ros/humble/include/rclcpp/rclcpp/node.hpp:434:3:\x1b[m\x1b[K \x1b[01;36m\x1b[Knote: \x1b[m\x1b[Kcandidate: \xe2\x80\x98\x1b[01m\x1b[Ktemplate<class ParameterT> auto rclcpp::Node::declare_parameter(const string&, const ParameterDescriptor&, bool)\x1b[m\x1b[K\xe2\x80\x99\n'}
[20.775065] (ydlidar_ros2_driver) StderrLine: {'line': b'  434 |   \x1b[01;36m\x1b[Kdeclare_parameter\x1b[m\x1b[K(\n'}
[20.775899] (ydlidar_ros2_driver) StderrLine: {'line': b'      |   \x1b[01;36m\x1b[K^~~~~~~~~~~~~~~~~\x1b[m\x1b[K\n'}
[20.776674] (-) TimerEvent: {}
[20.788205] (ydlidar_ros2_driver) StderrLine: {'line': b'\x1b[01m\x1b[K/opt/ros/humble/include/rclcpp/rclcpp/node.hpp:434:3:\x1b[m\x1b[K \x1b[01;36m\x1b[Knote: \x1b[m\x1b[K  template argument deduction/substitution failed:\n'}
[20.793307] (ydlidar_ros2_driver) StderrLine: {'line': b'\x1b[01m\x1b[K/home/ubuntu/slam_project/agv2_ws/src/ydlidar_ros2_driver/src/ydlidar_ros2_driver_node.cpp:114:26:\x1b[m\x1b[K \x1b[01;36m\x1b[Knote: \x1b[m\x1b[K  couldn\xe2\x80\x99t deduce template parameter \xe2\x80\x98\x1b[01m\x1b[KParameterT\x1b[m\x1b[K\xe2\x80\x99\n'}
[20.794420] (ydlidar_ros2_driver) StderrLine: {'line': b'  114 |   \x1b[01;36m\x1b[Knode->declare_parameter("isSingleChannel")\x1b[m\x1b[K;\n'}
[20.795941] (ydlidar_ros2_driver) StderrLine: {'line': b'      |   \x1b[01;36m\x1b[K~~~~~~~~~~~~~~~~~~~~~~~^~~~~~~~~~~~~~~~~~~\x1b[m\x1b[K\n'}
[20.799039] (ydlidar_ros2_driver) StderrLine: {'line': b'In file included from \x1b[01m\x1b[K/opt/ros/humble/include/rclcpp/rclcpp/executors/single_threaded_executor.hpp:28\x1b[m\x1b[K,\n'}
[20.803618] (ydlidar_ros2_driver) StderrLine: {'line': b'                 from \x1b[01m\x1b[K/opt/ros/humble/include/rclcpp/rclcpp/executors.hpp:22\x1b[m\x1b[K,\n'}
[20.804803] (ydlidar_ros2_driver) StderrLine: {'line': b'                 from \x1b[01m\x1b[K/opt/ros/humble/include/rclcpp/rclcpp/rclcpp.hpp:155\x1b[m\x1b[K,\n'}
[20.807419] (ydlidar_ros2_driver) StderrLine: {'line': b'                 from \x1b[01m\x1b[K/home/ubuntu/slam_project/agv2_ws/src/ydlidar_ros2_driver/src/ydlidar_ros2_driver_node.cpp:23\x1b[m\x1b[K:\n'}
[20.813200] (ydlidar_ros2_driver) StderrLine: {'line': b'\x1b[01m\x1b[K/opt/ros/humble/include/rclcpp/rclcpp/node.hpp:366:3:\x1b[m\x1b[K \x1b[01;36m\x1b[Knote: \x1b[m\x1b[Kcandidate: \xe2\x80\x98\x1b[01m\x1b[Kconst rclcpp::ParameterValue& rclcpp::Node::declare_parameter(const string&, const rclcpp::ParameterValue&, const ParameterDescriptor&, bool)\x1b[m\x1b[K\xe2\x80\x99\n'}
[20.814439] (ydlidar_ros2_driver) StderrLine: {'line': b'  366 |   \x1b[01;36m\x1b[Kdeclare_parameter\x1b[m\x1b[K(\n'}
[20.816235] (ydlidar_ros2_driver) StderrLine: {'line': b'      |   \x1b[01;36m\x1b[K^~~~~~~~~~~~~~~~~\x1b[m\x1b[K\n'}
[20.820071] (ydlidar_ros2_driver) StderrLine: {'line': b'\x1b[01m\x1b[K/opt/ros/humble/include/rclcpp/rclcpp/node.hpp:366:3:\x1b[m\x1b[K \x1b[01;36m\x1b[Knote: \x1b[m\x1b[K  candidate expects 4 arguments, 1 provided\n'}
[20.823919] (ydlidar_ros2_driver) StderrLine: {'line': b'\x1b[01m\x1b[K/opt/ros/humble/include/rclcpp/rclcpp/node.hpp:391:3:\x1b[m\x1b[K \x1b[01;36m\x1b[Knote: \x1b[m\x1b[Kcandidate: \xe2\x80\x98\x1b[01m\x1b[Kconst rclcpp::ParameterValue& rclcpp::Node::declare_parameter(const string&, rclcpp::ParameterType, const ParameterDescriptor&, bool)\x1b[m\x1b[K\xe2\x80\x99\n'}
[20.825031] (ydlidar_ros2_driver) StderrLine: {'line': b'  391 |   \x1b[01;36m\x1b[Kdeclare_parameter\x1b[m\x1b[K(\n'}
[20.828145] (ydlidar_ros2_driver) StderrLine: {'line': b'      |   \x1b[01;36m\x1b[K^~~~~~~~~~~~~~~~~\x1b[m\x1b[K\n'}
[20.832531] (ydlidar_ros2_driver) StderrLine: {'line': b'\x1b[01m\x1b[K/opt/ros/humble/include/rclcpp/rclcpp/node.hpp:391:3:\x1b[m\x1b[K \x1b[01;36m\x1b[Knote: \x1b[m\x1b[K  candidate expects 4 arguments, 1 provided\n'}
[20.836123] (ydlidar_ros2_driver) StderrLine: {'line': b'\x1b[01m\x1b[K/home/ubuntu/slam_project/agv2_ws/src/ydlidar_ros2_driver/src/ydlidar_ros2_driver_node.cpp:119:26:\x1b[m\x1b[K \x1b[01;31m\x1b[Kerror: \x1b[m\x1b[Kno matching function for call to \xe2\x80\x98\x1b[01m\x1b[Krclcpp::Node::declare_parameter(const char [10])\x1b[m\x1b[K\xe2\x80\x99\n'}
[20.840340] (ydlidar_ros2_driver) StderrLine: {'line': b'  119 |   \x1b[01;31m\x1b[Knode->declare_parameter("intensity")\x1b[m\x1b[K;\n'}
[20.841449] (ydlidar_ros2_driver) StderrLine: {'line': b'      |   \x1b[01;31m\x1b[K~~~~~~~~~~~~~~~~~~~~~~~^~~~~~~~~~~~~\x1b[m\x1b[K\n'}
[20.847993] (ydlidar_ros2_driver) StderrLine: {'line': b'In file included from \x1b[01m\x1b[K/opt/ros/humble/include/rclcpp/rclcpp/executors/single_threaded_executor.hpp:28\x1b[m\x1b[K,\n'}
[20.849794] (ydlidar_ros2_driver) StderrLine: {'line': b'                 from \x1b[01m\x1b[K/opt/ros/humble/include/rclcpp/rclcpp/executors.hpp:22\x1b[m\x1b[K,\n'}
[20.850921] (ydlidar_ros2_driver) StderrLine: {'line': b'                 from \x1b[01m\x1b[K/opt/ros/humble/include/rclcpp/rclcpp/rclcpp.hpp:155\x1b[m\x1b[K,\n'}
[20.856996] (ydlidar_ros2_driver) StderrLine: {'line': b'                 from \x1b[01m\x1b[K/home/ubuntu/slam_project/agv2_ws/src/ydlidar_ros2_driver/src/ydlidar_ros2_driver_node.cpp:23\x1b[m\x1b[K:\n'}
[20.862451] (ydlidar_ros2_driver) StderrLine: {'line': b'\x1b[01m\x1b[K/opt/ros/humble/include/rclcpp/rclcpp/node.hpp:421:3:\x1b[m\x1b[K \x1b[01;36m\x1b[Knote: \x1b[m\x1b[Kcandidate: \xe2\x80\x98\x1b[01m\x1b[Ktemplate<class ParameterT> auto rclcpp::Node::declare_parameter(const string&, const ParameterT&, const ParameterDescriptor&, bool)\x1b[m\x1b[K\xe2\x80\x99\n'}
[20.863637] (ydlidar_ros2_driver) StderrLine: {'line': b'  421 |   \x1b[01;36m\x1b[Kdeclare_parameter\x1b[m\x1b[K(\n'}
[20.864796] (ydlidar_ros2_driver) StderrLine: {'line': b'      |   \x1b[01;36m\x1b[K^~~~~~~~~~~~~~~~~\x1b[m\x1b[K\n'}
[20.865963] (ydlidar_ros2_driver) StderrLine: {'line': b'\x1b[01m\x1b[K/opt/ros/humble/include/rclcpp/rclcpp/node.hpp:421:3:\x1b[m\x1b[K \x1b[01;36m\x1b[Knote: \x1b[m\x1b[K  template argument deduction/substitution failed:\n'}
[20.867260] (ydlidar_ros2_driver) StderrLine: {'line': b'\x1b[01m\x1b[K/home/ubuntu/slam_project/agv2_ws/src/ydlidar_ros2_driver/src/ydlidar_ros2_driver_node.cpp:119:26:\x1b[m\x1b[K \x1b[01;36m\x1b[Knote: \x1b[m\x1b[K  candidate expects 4 arguments, 1 provided\n'}
[20.868532] (ydlidar_ros2_driver) StderrLine: {'line': b'  119 |   \x1b[01;36m\x1b[Knode->declare_parameter("intensity")\x1b[m\x1b[K;\n'}
[20.869588] (ydlidar_ros2_driver) StderrLine: {'line': b'      |   \x1b[01;36m\x1b[K~~~~~~~~~~~~~~~~~~~~~~~^~~~~~~~~~~~~\x1b[m\x1b[K\n'}
[20.870357] (ydlidar_ros2_driver) StderrLine: {'line': b'In file included from \x1b[01m\x1b[K/opt/ros/humble/include/rclcpp/rclcpp/executors/single_threaded_executor.hpp:28\x1b[m\x1b[K,\n'}
[20.871325] (ydlidar_ros2_driver) StderrLine: {'line': b'                 from \x1b[01m\x1b[K/opt/ros/humble/include/rclcpp/rclcpp/executors.hpp:22\x1b[m\x1b[K,\n'}
[20.872370] (ydlidar_ros2_driver) StderrLine: {'line': b'                 from \x1b[01m\x1b[K/opt/ros/humble/include/rclcpp/rclcpp/rclcpp.hpp:155\x1b[m\x1b[K,\n'}
[20.873420] (ydlidar_ros2_driver) StderrLine: {'line': b'                 from \x1b[01m\x1b[K/home/ubuntu/slam_project/agv2_ws/src/ydlidar_ros2_driver/src/ydlidar_ros2_driver_node.cpp:23\x1b[m\x1b[K:\n'}
[20.874846] (ydlidar_ros2_driver) StderrLine: {'line': b'\x1b[01m\x1b[K/opt/ros/humble/include/rclcpp/rclcpp/node.hpp:434:3:\x1b[m\x1b[K \x1b[01;36m\x1b[Knote: \x1b[m\x1b[Kcandidate: \xe2\x80\x98\x1b[01m\x1b[Ktemplate<class ParameterT> auto rclcpp::Node::declare_parameter(const string&, const ParameterDescriptor&, bool)\x1b[m\x1b[K\xe2\x80\x99\n'}
[20.875880] (ydlidar_ros2_driver) StderrLine: {'line': b'  434 |   \x1b[01;36m\x1b[Kdeclare_parameter\x1b[m\x1b[K(\n'}
[20.876863] (-) TimerEvent: {}
[20.877804] (ydlidar_ros2_driver) StderrLine: {'line': b'      |   \x1b[01;36m\x1b[K^~~~~~~~~~~~~~~~~\x1b[m\x1b[K\n'}
[20.878941] (ydlidar_ros2_driver) StderrLine: {'line': b'\x1b[01m\x1b[K/opt/ros/humble/include/rclcpp/rclcpp/node.hpp:434:3:\x1b[m\x1b[K \x1b[01;36m\x1b[Knote: \x1b[m\x1b[K  template argument deduction/substitution failed:\n'}
[20.879964] (ydlidar_ros2_driver) StderrLine: {'line': b'\x1b[01m\x1b[K/home/ubuntu/slam_project/agv2_ws/src/ydlidar_ros2_driver/src/ydlidar_ros2_driver_node.cpp:119:26:\x1b[m\x1b[K \x1b[01;36m\x1b[Knote: \x1b[m\x1b[K  couldn\xe2\x80\x99t deduce template parameter \xe2\x80\x98\x1b[01m\x1b[KParameterT\x1b[m\x1b[K\xe2\x80\x99\n'}
[20.880890] (ydlidar_ros2_driver) StderrLine: {'line': b'  119 |   \x1b[01;36m\x1b[Knode->declare_parameter("intensity")\x1b[m\x1b[K;\n'}
[20.881742] (ydlidar_ros2_driver) StderrLine: {'line': b'      |   \x1b[01;36m\x1b[K~~~~~~~~~~~~~~~~~~~~~~~^~~~~~~~~~~~~\x1b[m\x1b[K\n'}
[20.882431] (ydlidar_ros2_driver) StderrLine: {'line': b'In file included from \x1b[01m\x1b[K/opt/ros/humble/include/rclcpp/rclcpp/executors/single_threaded_executor.hpp:28\x1b[m\x1b[K,\n'}
[20.883219] (ydlidar_ros2_driver) StderrLine: {'line': b'                 from \x1b[01m\x1b[K/opt/ros/humble/include/rclcpp/rclcpp/executors.hpp:22\x1b[m\x1b[K,\n'}
[20.883969] (ydlidar_ros2_driver) StderrLine: {'line': b'                 from \x1b[01m\x1b[K/opt/ros/humble/include/rclcpp/rclcpp/rclcpp.hpp:155\x1b[m\x1b[K,\n'}
[20.884755] (ydlidar_ros2_driver) StderrLine: {'line': b'                 from \x1b[01m\x1b[K/home/ubuntu/slam_project/agv2_ws/src/ydlidar_ros2_driver/src/ydlidar_ros2_driver_node.cpp:23\x1b[m\x1b[K:\n'}
[20.885566] (ydlidar_ros2_driver) StderrLine: {'line': b'\x1b[01m\x1b[K/opt/ros/humble/include/rclcpp/rclcpp/node.hpp:366:3:\x1b[m\x1b[K \x1b[01;36m\x1b[Knote: \x1b[m\x1b[Kcandidate: \xe2\x80\x98\x1b[01m\x1b[Kconst rclcpp::ParameterValue& rclcpp::Node::declare_parameter(const string&, const rclcpp::ParameterValue&, const ParameterDescriptor&, bool)\x1b[m\x1b[K\xe2\x80\x99\n'}
[20.886350] (ydlidar_ros2_driver) StderrLine: {'line': b'  366 |   \x1b[01;36m\x1b[Kdeclare_parameter\x1b[m\x1b[K(\n'}
[20.887202] (ydlidar_ros2_driver) StderrLine: {'line': b'      |   \x1b[01;36m\x1b[K^~~~~~~~~~~~~~~~~\x1b[m\x1b[K\n'}
[20.887991] (ydlidar_ros2_driver) StderrLine: {'line': b'\x1b[01m\x1b[K/opt/ros/humble/include/rclcpp/rclcpp/node.hpp:366:3:\x1b[m\x1b[K \x1b[01;36m\x1b[Knote: \x1b[m\x1b[K  candidate expects 4 arguments, 1 provided\n'}
[20.888802] (ydlidar_ros2_driver) StderrLine: {'line': b'\x1b[01m\x1b[K/opt/ros/humble/include/rclcpp/rclcpp/node.hpp:391:3:\x1b[m\x1b[K \x1b[01;36m\x1b[Knote: \x1b[m\x1b[Kcandidate: \xe2\x80\x98\x1b[01m\x1b[Kconst rclcpp::ParameterValue& rclcpp::Node::declare_parameter(const string&, rclcpp::ParameterType, const ParameterDescriptor&, bool)\x1b[m\x1b[K\xe2\x80\x99\n'}
[20.889624] (ydlidar_ros2_driver) StderrLine: {'line': b'  391 |   \x1b[01;36m\x1b[Kdeclare_parameter\x1b[m\x1b[K(\n'}
[20.890396] (ydlidar_ros2_driver) StderrLine: {'line': b'      |   \x1b[01;36m\x1b[K^~~~~~~~~~~~~~~~~\x1b[m\x1b[K\n'}
[20.891244] (ydlidar_ros2_driver) StderrLine: {'line': b'\x1b[01m\x1b[K/opt/ros/humble/include/rclcpp/rclcpp/node.hpp:391:3:\x1b[m\x1b[K \x1b[01;36m\x1b[Knote: \x1b[m\x1b[K  candidate expects 4 arguments, 1 provided\n'}
[20.892000] (ydlidar_ros2_driver) StderrLine: {'line': b'\x1b[01m\x1b[K/home/ubuntu/slam_project/agv2_ws/src/ydlidar_ros2_driver/src/ydlidar_ros2_driver_node.cpp:124:26:\x1b[m\x1b[K \x1b[01;31m\x1b[Kerror: \x1b[m\x1b[Kno matching function for call to \xe2\x80\x98\x1b[01m\x1b[Krclcpp::Node::declare_parameter(const char [18])\x1b[m\x1b[K\xe2\x80\x99\n'}
[20.892776] (ydlidar_ros2_driver) StderrLine: {'line': b'  124 |   \x1b[01;31m\x1b[Knode->declare_parameter("support_motor_dtr")\x1b[m\x1b[K;\n'}
[20.893548] (ydlidar_ros2_driver) StderrLine: {'line': b'      |   \x1b[01;31m\x1b[K~~~~~~~~~~~~~~~~~~~~~~~^~~~~~~~~~~~~~~~~~~~~\x1b[m\x1b[K\n'}
[20.894323] (ydlidar_ros2_driver) StderrLine: {'line': b'In file included from \x1b[01m\x1b[K/opt/ros/humble/include/rclcpp/rclcpp/executors/single_threaded_executor.hpp:28\x1b[m\x1b[K,\n'}
[20.895144] (ydlidar_ros2_driver) StderrLine: {'line': b'                 from \x1b[01m\x1b[K/opt/ros/humble/include/rclcpp/rclcpp/executors.hpp:22\x1b[m\x1b[K,\n'}
[20.895739] (ydlidar_ros2_driver) StderrLine: {'line': b'                 from \x1b[01m\x1b[K/opt/ros/humble/include/rclcpp/rclcpp/rclcpp.hpp:155\x1b[m\x1b[K,\n'}
[20.896549] (ydlidar_ros2_driver) StderrLine: {'line': b'                 from \x1b[01m\x1b[K/home/ubuntu/slam_project/agv2_ws/src/ydlidar_ros2_driver/src/ydlidar_ros2_driver_node.cpp:23\x1b[m\x1b[K:\n'}
[20.897123] (ydlidar_ros2_driver) StderrLine: {'line': b'\x1b[01m\x1b[K/opt/ros/humble/include/rclcpp/rclcpp/node.hpp:421:3:\x1b[m\x1b[K \x1b[01;36m\x1b[Knote: \x1b[m\x1b[Kcandidate: \xe2\x80\x98\x1b[01m\x1b[Ktemplate<class ParameterT> auto rclcpp::Node::declare_parameter(const string&, const ParameterT&, const ParameterDescriptor&, bool)\x1b[m\x1b[K\xe2\x80\x99\n'}
[20.897796] (ydlidar_ros2_driver) StderrLine: {'line': b'  421 |   \x1b[01;36m\x1b[Kdeclare_parameter\x1b[m\x1b[K(\n'}
[20.898431] (ydlidar_ros2_driver) StderrLine: {'line': b'      |   \x1b[01;36m\x1b[K^~~~~~~~~~~~~~~~~\x1b[m\x1b[K\n'}
[20.899047] (ydlidar_ros2_driver) StderrLine: {'line': b'\x1b[01m\x1b[K/opt/ros/humble/include/rclcpp/rclcpp/node.hpp:421:3:\x1b[m\x1b[K \x1b[01;36m\x1b[Knote: \x1b[m\x1b[K  template argument deduction/substitution failed:\n'}
[20.899669] (ydlidar_ros2_driver) StderrLine: {'line': b'\x1b[01m\x1b[K/home/ubuntu/slam_project/agv2_ws/src/ydlidar_ros2_driver/src/ydlidar_ros2_driver_node.cpp:124:26:\x1b[m\x1b[K \x1b[01;36m\x1b[Knote: \x1b[m\x1b[K  candidate expects 4 arguments, 1 provided\n'}
[20.900251] (ydlidar_ros2_driver) StderrLine: {'line': b'  124 |   \x1b[01;36m\x1b[Knode->declare_parameter("support_motor_dtr")\x1b[m\x1b[K;\n'}
[20.900918] (ydlidar_ros2_driver) StderrLine: {'line': b'      |   \x1b[01;36m\x1b[K~~~~~~~~~~~~~~~~~~~~~~~^~~~~~~~~~~~~~~~~~~~~\x1b[m\x1b[K\n'}
[20.901617] (ydlidar_ros2_driver) StderrLine: {'line': b'In file included from \x1b[01m\x1b[K/opt/ros/humble/include/rclcpp/rclcpp/executors/single_threaded_executor.hpp:28\x1b[m\x1b[K,\n'}
[20.902293] (ydlidar_ros2_driver) StderrLine: {'line': b'                 from \x1b[01m\x1b[K/opt/ros/humble/include/rclcpp/rclcpp/executors.hpp:22\x1b[m\x1b[K,\n'}
[20.903090] (ydlidar_ros2_driver) StderrLine: {'line': b'                 from \x1b[01m\x1b[K/opt/ros/humble/include/rclcpp/rclcpp/rclcpp.hpp:155\x1b[m\x1b[K,\n'}
[20.903698] (ydlidar_ros2_driver) StderrLine: {'line': b'                 from \x1b[01m\x1b[K/home/ubuntu/slam_project/agv2_ws/src/ydlidar_ros2_driver/src/ydlidar_ros2_driver_node.cpp:23\x1b[m\x1b[K:\n'}
[20.904303] (ydlidar_ros2_driver) StderrLine: {'line': b'\x1b[01m\x1b[K/opt/ros/humble/include/rclcpp/rclcpp/node.hpp:434:3:\x1b[m\x1b[K \x1b[01;36m\x1b[Knote: \x1b[m\x1b[Kcandidate: \xe2\x80\x98\x1b[01m\x1b[Ktemplate<class ParameterT> auto rclcpp::Node::declare_parameter(const string&, const ParameterDescriptor&, bool)\x1b[m\x1b[K\xe2\x80\x99\n'}
[20.905079] (ydlidar_ros2_driver) StderrLine: {'line': b'  434 |   \x1b[01;36m\x1b[Kdeclare_parameter\x1b[m\x1b[K(\n'}
[20.905905] (ydlidar_ros2_driver) StderrLine: {'line': b'      |   \x1b[01;36m\x1b[K^~~~~~~~~~~~~~~~~\x1b[m\x1b[K\n'}
[20.907106] (ydlidar_ros2_driver) StderrLine: {'line': b'\x1b[01m\x1b[K/opt/ros/humble/include/rclcpp/rclcpp/node.hpp:434:3:\x1b[m\x1b[K \x1b[01;36m\x1b[Knote: \x1b[m\x1b[K  template argument deduction/substitution failed:\n'}
[20.907923] (ydlidar_ros2_driver) StderrLine: {'line': b'\x1b[01m\x1b[K/home/ubuntu/slam_project/agv2_ws/src/ydlidar_ros2_driver/src/ydlidar_ros2_driver_node.cpp:124:26:\x1b[m\x1b[K \x1b[01;36m\x1b[Knote: \x1b[m\x1b[K  couldn\xe2\x80\x99t deduce template parameter \xe2\x80\x98\x1b[01m\x1b[KParameterT\x1b[m\x1b[K\xe2\x80\x99\n'}
[20.908594] (ydlidar_ros2_driver) StderrLine: {'line': b'  124 |   \x1b[01;36m\x1b[Knode->declare_parameter("support_motor_dtr")\x1b[m\x1b[K;\n'}
[20.909271] (ydlidar_ros2_driver) StderrLine: {'line': b'      |   \x1b[01;36m\x1b[K~~~~~~~~~~~~~~~~~~~~~~~^~~~~~~~~~~~~~~~~~~~~\x1b[m\x1b[K\n'}
[20.909910] (ydlidar_ros2_driver) StderrLine: {'line': b'In file included from \x1b[01m\x1b[K/opt/ros/humble/include/rclcpp/rclcpp/executors/single_threaded_executor.hpp:28\x1b[m\x1b[K,\n'}
[20.910612] (ydlidar_ros2_driver) StderrLine: {'line': b'                 from \x1b[01m\x1b[K/opt/ros/humble/include/rclcpp/rclcpp/executors.hpp:22\x1b[m\x1b[K,\n'}
[20.911371] (ydlidar_ros2_driver) StderrLine: {'line': b'                 from \x1b[01m\x1b[K/opt/ros/humble/include/rclcpp/rclcpp/rclcpp.hpp:155\x1b[m\x1b[K,\n'}
[20.911939] (ydlidar_ros2_driver) StderrLine: {'line': b'                 from \x1b[01m\x1b[K/home/ubuntu/slam_project/agv2_ws/src/ydlidar_ros2_driver/src/ydlidar_ros2_driver_node.cpp:23\x1b[m\x1b[K:\n'}
[20.912703] (ydlidar_ros2_driver) StderrLine: {'line': b'\x1b[01m\x1b[K/opt/ros/humble/include/rclcpp/rclcpp/node.hpp:366:3:\x1b[m\x1b[K \x1b[01;36m\x1b[Knote: \x1b[m\x1b[Kcandidate: \xe2\x80\x98\x1b[01m\x1b[Kconst rclcpp::ParameterValue& rclcpp::Node::declare_parameter(const string&, const rclcpp::ParameterValue&, const ParameterDescriptor&, bool)\x1b[m\x1b[K\xe2\x80\x99\n'}
[20.913451] (ydlidar_ros2_driver) StderrLine: {'line': b'  366 |   \x1b[01;36m\x1b[Kdeclare_parameter\x1b[m\x1b[K(\n'}
[20.914201] (ydlidar_ros2_driver) StderrLine: {'line': b'      |   \x1b[01;36m\x1b[K^~~~~~~~~~~~~~~~~\x1b[m\x1b[K\n'}
[20.915036] (ydlidar_ros2_driver) StderrLine: {'line': b'\x1b[01m\x1b[K/opt/ros/humble/include/rclcpp/rclcpp/node.hpp:366:3:\x1b[m\x1b[K \x1b[01;36m\x1b[Knote: \x1b[m\x1b[K  candidate expects 4 arguments, 1 provided\n'}
[20.915817] (ydlidar_ros2_driver) StderrLine: {'line': b'\x1b[01m\x1b[K/opt/ros/humble/include/rclcpp/rclcpp/node.hpp:391:3:\x1b[m\x1b[K \x1b[01;36m\x1b[Knote: \x1b[m\x1b[Kcandidate: \xe2\x80\x98\x1b[01m\x1b[Kconst rclcpp::ParameterValue& rclcpp::Node::declare_parameter(const string&, rclcpp::ParameterType, const ParameterDescriptor&, bool)\x1b[m\x1b[K\xe2\x80\x99\n'}
[20.916619] (ydlidar_ros2_driver) StderrLine: {'line': b'  391 |   \x1b[01;36m\x1b[Kdeclare_parameter\x1b[m\x1b[K(\n'}
[20.917491] (ydlidar_ros2_driver) StderrLine: {'line': b'      |   \x1b[01;36m\x1b[K^~~~~~~~~~~~~~~~~\x1b[m\x1b[K\n'}
[20.918249] (ydlidar_ros2_driver) StderrLine: {'line': b'\x1b[01m\x1b[K/opt/ros/humble/include/rclcpp/rclcpp/node.hpp:391:3:\x1b[m\x1b[K \x1b[01;36m\x1b[Knote: \x1b[m\x1b[K  candidate expects 4 arguments, 1 provided\n'}
[20.919063] (ydlidar_ros2_driver) StderrLine: {'line': b'\x1b[01m\x1b[K/home/ubuntu/slam_project/agv2_ws/src/ydlidar_ros2_driver/src/ydlidar_ros2_driver_node.cpp:129:26:\x1b[m\x1b[K \x1b[01;31m\x1b[Kerror: \x1b[m\x1b[Kno matching function for call to \xe2\x80\x98\x1b[01m\x1b[Krclcpp::Node::declare_parameter(const char [6])\x1b[m\x1b[K\xe2\x80\x99\n'}
[20.919767] (ydlidar_ros2_driver) StderrLine: {'line': b'  129 |   \x1b[01;31m\x1b[Knode->declare_parameter("debug")\x1b[m\x1b[K;\n'}
[20.920421] (ydlidar_ros2_driver) StderrLine: {'line': b'      |   \x1b[01;31m\x1b[K~~~~~~~~~~~~~~~~~~~~~~~^~~~~~~~~\x1b[m\x1b[K\n'}
[20.921065] (ydlidar_ros2_driver) StderrLine: {'line': b'In file included from \x1b[01m\x1b[K/opt/ros/humble/include/rclcpp/rclcpp/executors/single_threaded_executor.hpp:28\x1b[m\x1b[K,\n'}
[20.921659] (ydlidar_ros2_driver) StderrLine: {'line': b'                 from \x1b[01m\x1b[K/opt/ros/humble/include/rclcpp/rclcpp/executors.hpp:22\x1b[m\x1b[K,\n'}
[20.922272] (ydlidar_ros2_driver) StderrLine: {'line': b'                 from \x1b[01m\x1b[K/opt/ros/humble/include/rclcpp/rclcpp/rclcpp.hpp:155\x1b[m\x1b[K,\n'}
[20.922944] (ydlidar_ros2_driver) StderrLine: {'line': b'                 from \x1b[01m\x1b[K/home/ubuntu/slam_project/agv2_ws/src/ydlidar_ros2_driver/src/ydlidar_ros2_driver_node.cpp:23\x1b[m\x1b[K:\n'}
[20.923561] (ydlidar_ros2_driver) StderrLine: {'line': b'\x1b[01m\x1b[K/opt/ros/humble/include/rclcpp/rclcpp/node.hpp:421:3:\x1b[m\x1b[K \x1b[01;36m\x1b[Knote: \x1b[m\x1b[Kcandidate: \xe2\x80\x98\x1b[01m\x1b[Ktemplate<class ParameterT> auto rclcpp::Node::declare_parameter(const string&, const ParameterT&, const ParameterDescriptor&, bool)\x1b[m\x1b[K\xe2\x80\x99\n'}
[20.924158] (ydlidar_ros2_driver) StderrLine: {'line': b'  421 |   \x1b[01;36m\x1b[Kdeclare_parameter\x1b[m\x1b[K(\n'}
[20.924714] (ydlidar_ros2_driver) StderrLine: {'line': b'      |   \x1b[01;36m\x1b[K^~~~~~~~~~~~~~~~~\x1b[m\x1b[K\n'}
[20.925352] (ydlidar_ros2_driver) StderrLine: {'line': b'\x1b[01m\x1b[K/opt/ros/humble/include/rclcpp/rclcpp/node.hpp:421:3:\x1b[m\x1b[K \x1b[01;36m\x1b[Knote: \x1b[m\x1b[K  template argument deduction/substitution failed:\n'}
[20.926038] (ydlidar_ros2_driver) StderrLine: {'line': b'\x1b[01m\x1b[K/home/ubuntu/slam_project/agv2_ws/src/ydlidar_ros2_driver/src/ydlidar_ros2_driver_node.cpp:129:26:\x1b[m\x1b[K \x1b[01;36m\x1b[Knote: \x1b[m\x1b[K  candidate expects 4 arguments, 1 provided\n'}
[20.926786] (ydlidar_ros2_driver) StderrLine: {'line': b'  129 |   \x1b[01;36m\x1b[Knode->declare_parameter("debug")\x1b[m\x1b[K;\n'}
[20.927451] (ydlidar_ros2_driver) StderrLine: {'line': b'      |   \x1b[01;36m\x1b[K~~~~~~~~~~~~~~~~~~~~~~~^~~~~~~~~\x1b[m\x1b[K\n'}
[20.927996] (ydlidar_ros2_driver) StderrLine: {'line': b'In file included from \x1b[01m\x1b[K/opt/ros/humble/include/rclcpp/rclcpp/executors/single_threaded_executor.hpp:28\x1b[m\x1b[K,\n'}
[20.928655] (ydlidar_ros2_driver) StderrLine: {'line': b'                 from \x1b[01m\x1b[K/opt/ros/humble/include/rclcpp/rclcpp/executors.hpp:22\x1b[m\x1b[K,\n'}
[20.929237] (ydlidar_ros2_driver) StderrLine: {'line': b'                 from \x1b[01m\x1b[K/opt/ros/humble/include/rclcpp/rclcpp/rclcpp.hpp:155\x1b[m\x1b[K,\n'}
[20.929789] (ydlidar_ros2_driver) StderrLine: {'line': b'                 from \x1b[01m\x1b[K/home/ubuntu/slam_project/agv2_ws/src/ydlidar_ros2_driver/src/ydlidar_ros2_driver_node.cpp:23\x1b[m\x1b[K:\n'}
[20.930400] (ydlidar_ros2_driver) StderrLine: {'line': b'\x1b[01m\x1b[K/opt/ros/humble/include/rclcpp/rclcpp/node.hpp:434:3:\x1b[m\x1b[K \x1b[01;36m\x1b[Knote: \x1b[m\x1b[Kcandidate: \xe2\x80\x98\x1b[01m\x1b[Ktemplate<class ParameterT> auto rclcpp::Node::declare_parameter(const string&, const ParameterDescriptor&, bool)\x1b[m\x1b[K\xe2\x80\x99\n'}
[20.931359] (ydlidar_ros2_driver) StderrLine: {'line': b'  434 |   \x1b[01;36m\x1b[Kdeclare_parameter\x1b[m\x1b[K(\n'}
[20.932040] (ydlidar_ros2_driver) StderrLine: {'line': b'      |   \x1b[01;36m\x1b[K^~~~~~~~~~~~~~~~~\x1b[m\x1b[K\n'}
[20.932674] (ydlidar_ros2_driver) StderrLine: {'line': b'\x1b[01m\x1b[K/opt/ros/humble/include/rclcpp/rclcpp/node.hpp:434:3:\x1b[m\x1b[K \x1b[01;36m\x1b[Knote: \x1b[m\x1b[K  template argument deduction/substitution failed:\n'}
[20.933307] (ydlidar_ros2_driver) StderrLine: {'line': b'\x1b[01m\x1b[K/home/ubuntu/slam_project/agv2_ws/src/ydlidar_ros2_driver/src/ydlidar_ros2_driver_node.cpp:129:26:\x1b[m\x1b[K \x1b[01;36m\x1b[Knote: \x1b[m\x1b[K  couldn\xe2\x80\x99t deduce template parameter \xe2\x80\x98\x1b[01m\x1b[KParameterT\x1b[m\x1b[K\xe2\x80\x99\n'}
[20.933927] (ydlidar_ros2_driver) StderrLine: {'line': b'  129 |   \x1b[01;36m\x1b[Knode->declare_parameter("debug")\x1b[m\x1b[K;\n'}
[20.934549] (ydlidar_ros2_driver) StderrLine: {'line': b'      |   \x1b[01;36m\x1b[K~~~~~~~~~~~~~~~~~~~~~~~^~~~~~~~~\x1b[m\x1b[K\n'}
[20.935180] (ydlidar_ros2_driver) StderrLine: {'line': b'In file included from \x1b[01m\x1b[K/opt/ros/humble/include/rclcpp/rclcpp/executors/single_threaded_executor.hpp:28\x1b[m\x1b[K,\n'}
[20.935807] (ydlidar_ros2_driver) StderrLine: {'line': b'                 from \x1b[01m\x1b[K/opt/ros/humble/include/rclcpp/rclcpp/executors.hpp:22\x1b[m\x1b[K,\n'}
[20.936467] (ydlidar_ros2_driver) StderrLine: {'line': b'                 from \x1b[01m\x1b[K/opt/ros/humble/include/rclcpp/rclcpp/rclcpp.hpp:155\x1b[m\x1b[K,\n'}
[20.937109] (ydlidar_ros2_driver) StderrLine: {'line': b'                 from \x1b[01m\x1b[K/home/ubuntu/slam_project/agv2_ws/src/ydlidar_ros2_driver/src/ydlidar_ros2_driver_node.cpp:23\x1b[m\x1b[K:\n'}
[20.937862] (ydlidar_ros2_driver) StderrLine: {'line': b'\x1b[01m\x1b[K/opt/ros/humble/include/rclcpp/rclcpp/node.hpp:366:3:\x1b[m\x1b[K \x1b[01;36m\x1b[Knote: \x1b[m\x1b[Kcandidate: \xe2\x80\x98\x1b[01m\x1b[Kconst rclcpp::ParameterValue& rclcpp::Node::declare_parameter(const string&, const rclcpp::ParameterValue&, const ParameterDescriptor&, bool)\x1b[m\x1b[K\xe2\x80\x99\n'}
[20.938590] (ydlidar_ros2_driver) StderrLine: {'line': b'  366 |   \x1b[01;36m\x1b[Kdeclare_parameter\x1b[m\x1b[K(\n'}
[20.939335] (ydlidar_ros2_driver) StderrLine: {'line': b'      |   \x1b[01;36m\x1b[K^~~~~~~~~~~~~~~~~\x1b[m\x1b[K\n'}
[20.940017] (ydlidar_ros2_driver) StderrLine: {'line': b'\x1b[01m\x1b[K/opt/ros/humble/include/rclcpp/rclcpp/node.hpp:366:3:\x1b[m\x1b[K \x1b[01;36m\x1b[Knote: \x1b[m\x1b[K  candidate expects 4 arguments, 1 provided\n'}
[20.940643] (ydlidar_ros2_driver) StderrLine: {'line': b'\x1b[01m\x1b[K/opt/ros/humble/include/rclcpp/rclcpp/node.hpp:391:3:\x1b[m\x1b[K \x1b[01;36m\x1b[Knote: \x1b[m\x1b[Kcandidate: \xe2\x80\x98\x1b[01m\x1b[Kconst rclcpp::ParameterValue& rclcpp::Node::declare_parameter(const string&, rclcpp::ParameterType, const ParameterDescriptor&, bool)\x1b[m\x1b[K\xe2\x80\x99\n'}
[20.941316] (ydlidar_ros2_driver) StderrLine: {'line': b'  391 |   \x1b[01;36m\x1b[Kdeclare_parameter\x1b[m\x1b[K(\n'}
[20.941956] (ydlidar_ros2_driver) StderrLine: {'line': b'      |   \x1b[01;36m\x1b[K^~~~~~~~~~~~~~~~~\x1b[m\x1b[K\n'}
[20.942639] (ydlidar_ros2_driver) StderrLine: {'line': b'\x1b[01m\x1b[K/opt/ros/humble/include/rclcpp/rclcpp/node.hpp:391:3:\x1b[m\x1b[K \x1b[01;36m\x1b[Knote: \x1b[m\x1b[K  candidate expects 4 arguments, 1 provided\n'}
[20.943362] (ydlidar_ros2_driver) StderrLine: {'line': b'\x1b[01m\x1b[K/home/ubuntu/slam_project/agv2_ws/src/ydlidar_ros2_driver/src/ydlidar_ros2_driver_node.cpp:131:9:\x1b[m\x1b[K \x1b[01;31m\x1b[Kerror: \x1b[m\x1b[K\xe2\x80\x98\x1b[01m\x1b[Kclass CYdLidar\x1b[m\x1b[K\xe2\x80\x99 has no member named \xe2\x80\x98\x1b[01m\x1b[KsetEnableDebug\x1b[m\x1b[K\xe2\x80\x99\n'}
[20.944054] (ydlidar_ros2_driver) StderrLine: {'line': b'  131 |   laser.\x1b[01;31m\x1b[KsetEnableDebug\x1b[m\x1b[K(b_optvalue);\n'}
[20.944690] (ydlidar_ros2_driver) StderrLine: {'line': b'      |         \x1b[01;31m\x1b[K^~~~~~~~~~~~~~\x1b[m\x1b[K\n'}
[20.945356] (ydlidar_ros2_driver) StderrLine: {'line': b'\x1b[01m\x1b[K/home/ubuntu/slam_project/agv2_ws/src/ydlidar_ros2_driver/src/ydlidar_ros2_driver_node.cpp:136:26:\x1b[m\x1b[K \x1b[01;31m\x1b[Kerror: \x1b[m\x1b[Kno matching function for call to \xe2\x80\x98\x1b[01m\x1b[Krclcpp::Node::declare_parameter(const char [10])\x1b[m\x1b[K\xe2\x80\x99\n'}
[20.945997] (ydlidar_ros2_driver) StderrLine: {'line': b'  136 |   \x1b[01;31m\x1b[Knode->declare_parameter("angle_max")\x1b[m\x1b[K;\n'}
[20.946706] (ydlidar_ros2_driver) StderrLine: {'line': b'      |   \x1b[01;31m\x1b[K~~~~~~~~~~~~~~~~~~~~~~~^~~~~~~~~~~~~\x1b[m\x1b[K\n'}
[20.947434] (ydlidar_ros2_driver) StderrLine: {'line': b'In file included from \x1b[01m\x1b[K/opt/ros/humble/include/rclcpp/rclcpp/executors/single_threaded_executor.hpp:28\x1b[m\x1b[K,\n'}
[20.948091] (ydlidar_ros2_driver) StderrLine: {'line': b'                 from \x1b[01m\x1b[K/opt/ros/humble/include/rclcpp/rclcpp/executors.hpp:22\x1b[m\x1b[K,\n'}
[20.948745] (ydlidar_ros2_driver) StderrLine: {'line': b'                 from \x1b[01m\x1b[K/opt/ros/humble/include/rclcpp/rclcpp/rclcpp.hpp:155\x1b[m\x1b[K,\n'}
[20.949398] (ydlidar_ros2_driver) StderrLine: {'line': b'                 from \x1b[01m\x1b[K/home/ubuntu/slam_project/agv2_ws/src/ydlidar_ros2_driver/src/ydlidar_ros2_driver_node.cpp:23\x1b[m\x1b[K:\n'}
[20.950090] (ydlidar_ros2_driver) StderrLine: {'line': b'\x1b[01m\x1b[K/opt/ros/humble/include/rclcpp/rclcpp/node.hpp:421:3:\x1b[m\x1b[K \x1b[01;36m\x1b[Knote: \x1b[m\x1b[Kcandidate: \xe2\x80\x98\x1b[01m\x1b[Ktemplate<class ParameterT> auto rclcpp::Node::declare_parameter(const string&, const ParameterT&, const ParameterDescriptor&, bool)\x1b[m\x1b[K\xe2\x80\x99\n'}
[20.951036] (ydlidar_ros2_driver) StderrLine: {'line': b'  421 |   \x1b[01;36m\x1b[Kdeclare_parameter\x1b[m\x1b[K(\n'}
[20.951758] (ydlidar_ros2_driver) StderrLine: {'line': b'      |   \x1b[01;36m\x1b[K^~~~~~~~~~~~~~~~~\x1b[m\x1b[K\n'}
[20.952449] (ydlidar_ros2_driver) StderrLine: {'line': b'\x1b[01m\x1b[K/opt/ros/humble/include/rclcpp/rclcpp/node.hpp:421:3:\x1b[m\x1b[K \x1b[01;36m\x1b[Knote: \x1b[m\x1b[K  template argument deduction/substitution failed:\n'}
[20.953241] (ydlidar_ros2_driver) StderrLine: {'line': b'\x1b[01m\x1b[K/home/ubuntu/slam_project/agv2_ws/src/ydlidar_ros2_driver/src/ydlidar_ros2_driver_node.cpp:136:26:\x1b[m\x1b[K \x1b[01;36m\x1b[Knote: \x1b[m\x1b[K  candidate expects 4 arguments, 1 provided\n'}
[20.954020] (ydlidar_ros2_driver) StderrLine: {'line': b'  136 |   \x1b[01;36m\x1b[Knode->declare_parameter("angle_max")\x1b[m\x1b[K;\n'}
[20.954751] (ydlidar_ros2_driver) StderrLine: {'line': b'      |   \x1b[01;36m\x1b[K~~~~~~~~~~~~~~~~~~~~~~~^~~~~~~~~~~~~\x1b[m\x1b[K\n'}
[20.955506] (ydlidar_ros2_driver) StderrLine: {'line': b'In file included from \x1b[01m\x1b[K/opt/ros/humble/include/rclcpp/rclcpp/executors/single_threaded_executor.hpp:28\x1b[m\x1b[K,\n'}
[20.956276] (ydlidar_ros2_driver) StderrLine: {'line': b'                 from \x1b[01m\x1b[K/opt/ros/humble/include/rclcpp/rclcpp/executors.hpp:22\x1b[m\x1b[K,\n'}
[20.956959] (ydlidar_ros2_driver) StderrLine: {'line': b'                 from \x1b[01m\x1b[K/opt/ros/humble/include/rclcpp/rclcpp/rclcpp.hpp:155\x1b[m\x1b[K,\n'}
[20.957682] (ydlidar_ros2_driver) StderrLine: {'line': b'                 from \x1b[01m\x1b[K/home/ubuntu/slam_project/agv2_ws/src/ydlidar_ros2_driver/src/ydlidar_ros2_driver_node.cpp:23\x1b[m\x1b[K:\n'}
[20.958308] (ydlidar_ros2_driver) StderrLine: {'line': b'\x1b[01m\x1b[K/opt/ros/humble/include/rclcpp/rclcpp/node.hpp:434:3:\x1b[m\x1b[K \x1b[01;36m\x1b[Knote: \x1b[m\x1b[Kcandidate: \xe2\x80\x98\x1b[01m\x1b[Ktemplate<class ParameterT> auto rclcpp::Node::declare_parameter(const string&, const ParameterDescriptor&, bool)\x1b[m\x1b[K\xe2\x80\x99\n'}
[20.959112] (ydlidar_ros2_driver) StderrLine: {'line': b'  434 |   \x1b[01;36m\x1b[Kdeclare_parameter\x1b[m\x1b[K(\n'}
[20.959791] (ydlidar_ros2_driver) StderrLine: {'line': b'      |   \x1b[01;36m\x1b[K^~~~~~~~~~~~~~~~~\x1b[m\x1b[K\n'}
[20.960484] (ydlidar_ros2_driver) StderrLine: {'line': b'\x1b[01m\x1b[K/opt/ros/humble/include/rclcpp/rclcpp/node.hpp:434:3:\x1b[m\x1b[K \x1b[01;36m\x1b[Knote: \x1b[m\x1b[K  template argument deduction/substitution failed:\n'}
[20.961129] (ydlidar_ros2_driver) StderrLine: {'line': b'\x1b[01m\x1b[K/home/ubuntu/slam_project/agv2_ws/src/ydlidar_ros2_driver/src/ydlidar_ros2_driver_node.cpp:136:26:\x1b[m\x1b[K \x1b[01;36m\x1b[Knote: \x1b[m\x1b[K  couldn\xe2\x80\x99t deduce template parameter \xe2\x80\x98\x1b[01m\x1b[KParameterT\x1b[m\x1b[K\xe2\x80\x99\n'}
[20.961771] (ydlidar_ros2_driver) StderrLine: {'line': b'  136 |   \x1b[01;36m\x1b[Knode->declare_parameter("angle_max")\x1b[m\x1b[K;\n'}
[20.962403] (ydlidar_ros2_driver) StderrLine: {'line': b'      |   \x1b[01;36m\x1b[K~~~~~~~~~~~~~~~~~~~~~~~^~~~~~~~~~~~~\x1b[m\x1b[K\n'}
[20.963128] (ydlidar_ros2_driver) StderrLine: {'line': b'In file included from \x1b[01m\x1b[K/opt/ros/humble/include/rclcpp/rclcpp/executors/single_threaded_executor.hpp:28\x1b[m\x1b[K,\n'}
[20.963786] (ydlidar_ros2_driver) StderrLine: {'line': b'                 from \x1b[01m\x1b[K/opt/ros/humble/include/rclcpp/rclcpp/executors.hpp:22\x1b[m\x1b[K,\n'}
[20.964461] (ydlidar_ros2_driver) StderrLine: {'line': b'                 from \x1b[01m\x1b[K/opt/ros/humble/include/rclcpp/rclcpp/rclcpp.hpp:155\x1b[m\x1b[K,\n'}
[20.965101] (ydlidar_ros2_driver) StderrLine: {'line': b'                 from \x1b[01m\x1b[K/home/ubuntu/slam_project/agv2_ws/src/ydlidar_ros2_driver/src/ydlidar_ros2_driver_node.cpp:23\x1b[m\x1b[K:\n'}
[20.965814] (ydlidar_ros2_driver) StderrLine: {'line': b'\x1b[01m\x1b[K/opt/ros/humble/include/rclcpp/rclcpp/node.hpp:366:3:\x1b[m\x1b[K \x1b[01;36m\x1b[Knote: \x1b[m\x1b[Kcandidate: \xe2\x80\x98\x1b[01m\x1b[Kconst rclcpp::ParameterValue& rclcpp::Node::declare_parameter(const string&, const rclcpp::ParameterValue&, const ParameterDescriptor&, bool)\x1b[m\x1b[K\xe2\x80\x99\n'}
[20.966545] (ydlidar_ros2_driver) StderrLine: {'line': b'  366 |   \x1b[01;36m\x1b[Kdeclare_parameter\x1b[m\x1b[K(\n'}
[20.967267] (ydlidar_ros2_driver) StderrLine: {'line': b'      |   \x1b[01;36m\x1b[K^~~~~~~~~~~~~~~~~\x1b[m\x1b[K\n'}
[20.967942] (ydlidar_ros2_driver) StderrLine: {'line': b'\x1b[01m\x1b[K/opt/ros/humble/include/rclcpp/rclcpp/node.hpp:366:3:\x1b[m\x1b[K \x1b[01;36m\x1b[Knote: \x1b[m\x1b[K  candidate expects 4 arguments, 1 provided\n'}
[20.968742] (ydlidar_ros2_driver) StderrLine: {'line': b'\x1b[01m\x1b[K/opt/ros/humble/include/rclcpp/rclcpp/node.hpp:391:3:\x1b[m\x1b[K \x1b[01;36m\x1b[Knote: \x1b[m\x1b[Kcandidate: \xe2\x80\x98\x1b[01m\x1b[Kconst rclcpp::ParameterValue& rclcpp::Node::declare_parameter(const string&, rclcpp::ParameterType, const ParameterDescriptor&, bool)\x1b[m\x1b[K\xe2\x80\x99\n'}
[20.969453] (ydlidar_ros2_driver) StderrLine: {'line': b'  391 |   \x1b[01;36m\x1b[Kdeclare_parameter\x1b[m\x1b[K(\n'}
[20.970134] (ydlidar_ros2_driver) StderrLine: {'line': b'      |   \x1b[01;36m\x1b[K^~~~~~~~~~~~~~~~~\x1b[m\x1b[K\n'}
[20.970961] (ydlidar_ros2_driver) StderrLine: {'line': b'\x1b[01m\x1b[K/opt/ros/humble/include/rclcpp/rclcpp/node.hpp:391:3:\x1b[m\x1b[K \x1b[01;36m\x1b[Knote: \x1b[m\x1b[K  candidate expects 4 arguments, 1 provided\n'}
[20.971644] (ydlidar_ros2_driver) StderrLine: {'line': b'\x1b[01m\x1b[K/home/ubuntu/slam_project/agv2_ws/src/ydlidar_ros2_driver/src/ydlidar_ros2_driver_node.cpp:140:26:\x1b[m\x1b[K \x1b[01;31m\x1b[Kerror: \x1b[m\x1b[Kno matching function for call to \xe2\x80\x98\x1b[01m\x1b[Krclcpp::Node::declare_parameter(const char [10])\x1b[m\x1b[K\xe2\x80\x99\n'}
[20.972353] (ydlidar_ros2_driver) StderrLine: {'line': b'  140 |   \x1b[01;31m\x1b[Knode->declare_parameter("angle_min")\x1b[m\x1b[K;\n'}
[20.973015] (ydlidar_ros2_driver) StderrLine: {'line': b'      |   \x1b[01;31m\x1b[K~~~~~~~~~~~~~~~~~~~~~~~^~~~~~~~~~~~~\x1b[m\x1b[K\n'}
[20.973709] (ydlidar_ros2_driver) StderrLine: {'line': b'In file included from \x1b[01m\x1b[K/opt/ros/humble/include/rclcpp/rclcpp/executors/single_threaded_executor.hpp:28\x1b[m\x1b[K,\n'}
[20.974420] (ydlidar_ros2_driver) StderrLine: {'line': b'                 from \x1b[01m\x1b[K/opt/ros/humble/include/rclcpp/rclcpp/executors.hpp:22\x1b[m\x1b[K,\n'}
[20.975218] (ydlidar_ros2_driver) StderrLine: {'line': b'                 from \x1b[01m\x1b[K/opt/ros/humble/include/rclcpp/rclcpp/rclcpp.hpp:155\x1b[m\x1b[K,\n'}
[20.975906] (ydlidar_ros2_driver) StderrLine: {'line': b'                 from \x1b[01m\x1b[K/home/ubuntu/slam_project/agv2_ws/src/ydlidar_ros2_driver/src/ydlidar_ros2_driver_node.cpp:23\x1b[m\x1b[K:\n'}
[20.976694] (ydlidar_ros2_driver) StderrLine: {'line': b'\x1b[01m\x1b[K/opt/ros/humble/include/rclcpp/rclcpp/node.hpp:421:3:\x1b[m\x1b[K \x1b[01;36m\x1b[Knote: \x1b[m\x1b[Kcandidate: \xe2\x80\x98\x1b[01m\x1b[Ktemplate<class ParameterT> auto rclcpp::Node::declare_parameter(const string&, const ParameterT&, const ParameterDescriptor&, bool)\x1b[m\x1b[K\xe2\x80\x99\n'}
[20.977453] (-) TimerEvent: {}
[20.978964] (ydlidar_ros2_driver) StderrLine: {'line': b'  421 |   \x1b[01;36m\x1b[Kdeclare_parameter\x1b[m\x1b[K(\n'}
[20.980021] (ydlidar_ros2_driver) StderrLine: {'line': b'      |   \x1b[01;36m\x1b[K^~~~~~~~~~~~~~~~~\x1b[m\x1b[K\n'}
[20.981097] (ydlidar_ros2_driver) StderrLine: {'line': b'\x1b[01m\x1b[K/opt/ros/humble/include/rclcpp/rclcpp/node.hpp:421:3:\x1b[m\x1b[K \x1b[01;36m\x1b[Knote: \x1b[m\x1b[K  template argument deduction/substitution failed:\n'}
[20.982023] (ydlidar_ros2_driver) StderrLine: {'line': b'\x1b[01m\x1b[K/home/ubuntu/slam_project/agv2_ws/src/ydlidar_ros2_driver/src/ydlidar_ros2_driver_node.cpp:140:26:\x1b[m\x1b[K \x1b[01;36m\x1b[Knote: \x1b[m\x1b[K  candidate expects 4 arguments, 1 provided\n'}
[20.983012] (ydlidar_ros2_driver) StderrLine: {'line': b'  140 |   \x1b[01;36m\x1b[Knode->declare_parameter("angle_min")\x1b[m\x1b[K;\n'}
[20.984020] (ydlidar_ros2_driver) StderrLine: {'line': b'      |   \x1b[01;36m\x1b[K~~~~~~~~~~~~~~~~~~~~~~~^~~~~~~~~~~~~\x1b[m\x1b[K\n'}
[20.984888] (ydlidar_ros2_driver) StderrLine: {'line': b'In file included from \x1b[01m\x1b[K/opt/ros/humble/include/rclcpp/rclcpp/executors/single_threaded_executor.hpp:28\x1b[m\x1b[K,\n'}
[20.985742] (ydlidar_ros2_driver) StderrLine: {'line': b'                 from \x1b[01m\x1b[K/opt/ros/humble/include/rclcpp/rclcpp/executors.hpp:22\x1b[m\x1b[K,\n'}
[20.986793] (ydlidar_ros2_driver) StderrLine: {'line': b'                 from \x1b[01m\x1b[K/opt/ros/humble/include/rclcpp/rclcpp/rclcpp.hpp:155\x1b[m\x1b[K,\n'}
[20.987702] (ydlidar_ros2_driver) StderrLine: {'line': b'                 from \x1b[01m\x1b[K/home/ubuntu/slam_project/agv2_ws/src/ydlidar_ros2_driver/src/ydlidar_ros2_driver_node.cpp:23\x1b[m\x1b[K:\n'}
[20.988411] (ydlidar_ros2_driver) StderrLine: {'line': b'\x1b[01m\x1b[K/opt/ros/humble/include/rclcpp/rclcpp/node.hpp:434:3:\x1b[m\x1b[K \x1b[01;36m\x1b[Knote: \x1b[m\x1b[Kcandidate: \xe2\x80\x98\x1b[01m\x1b[Ktemplate<class ParameterT> auto rclcpp::Node::declare_parameter(const string&, const ParameterDescriptor&, bool)\x1b[m\x1b[K\xe2\x80\x99\n'}
[20.989135] (ydlidar_ros2_driver) StderrLine: {'line': b'  434 |   \x1b[01;36m\x1b[Kdeclare_parameter\x1b[m\x1b[K(\n'}
[20.989994] (ydlidar_ros2_driver) StderrLine: {'line': b'      |   \x1b[01;36m\x1b[K^~~~~~~~~~~~~~~~~\x1b[m\x1b[K\n'}
[20.991049] (ydlidar_ros2_driver) StderrLine: {'line': b'\x1b[01m\x1b[K/opt/ros/humble/include/rclcpp/rclcpp/node.hpp:434:3:\x1b[m\x1b[K \x1b[01;36m\x1b[Knote: \x1b[m\x1b[K  template argument deduction/substitution failed:\n'}
[20.991899] (ydlidar_ros2_driver) StderrLine: {'line': b'\x1b[01m\x1b[K/home/ubuntu/slam_project/agv2_ws/src/ydlidar_ros2_driver/src/ydlidar_ros2_driver_node.cpp:140:26:\x1b[m\x1b[K \x1b[01;36m\x1b[Knote: \x1b[m\x1b[K  couldn\xe2\x80\x99t deduce template parameter \xe2\x80\x98\x1b[01m\x1b[KParameterT\x1b[m\x1b[K\xe2\x80\x99\n'}
[20.992713] (ydlidar_ros2_driver) StderrLine: {'line': b'  140 |   \x1b[01;36m\x1b[Knode->declare_parameter("angle_min")\x1b[m\x1b[K;\n'}
[20.993499] (ydlidar_ros2_driver) StderrLine: {'line': b'      |   \x1b[01;36m\x1b[K~~~~~~~~~~~~~~~~~~~~~~~^~~~~~~~~~~~~\x1b[m\x1b[K\n'}
[20.994273] (ydlidar_ros2_driver) StderrLine: {'line': b'In file included from \x1b[01m\x1b[K/opt/ros/humble/include/rclcpp/rclcpp/executors/single_threaded_executor.hpp:28\x1b[m\x1b[K,\n'}
[20.995281] (ydlidar_ros2_driver) StderrLine: {'line': b'                 from \x1b[01m\x1b[K/opt/ros/humble/include/rclcpp/rclcpp/executors.hpp:22\x1b[m\x1b[K,\n'}
[20.996070] (ydlidar_ros2_driver) StderrLine: {'line': b'                 from \x1b[01m\x1b[K/opt/ros/humble/include/rclcpp/rclcpp/rclcpp.hpp:155\x1b[m\x1b[K,\n'}
[20.996857] (ydlidar_ros2_driver) StderrLine: {'line': b'                 from \x1b[01m\x1b[K/home/ubuntu/slam_project/agv2_ws/src/ydlidar_ros2_driver/src/ydlidar_ros2_driver_node.cpp:23\x1b[m\x1b[K:\n'}
[20.997582] (ydlidar_ros2_driver) StderrLine: {'line': b'\x1b[01m\x1b[K/opt/ros/humble/include/rclcpp/rclcpp/node.hpp:366:3:\x1b[m\x1b[K \x1b[01;36m\x1b[Knote: \x1b[m\x1b[Kcandidate: \xe2\x80\x98\x1b[01m\x1b[Kconst rclcpp::ParameterValue& rclcpp::Node::declare_parameter(const string&, const rclcpp::ParameterValue&, const ParameterDescriptor&, bool)\x1b[m\x1b[K\xe2\x80\x99\n'}
[20.998212] (ydlidar_ros2_driver) StderrLine: {'line': b'  366 |   \x1b[01;36m\x1b[Kdeclare_parameter\x1b[m\x1b[K(\n'}
[20.998958] (ydlidar_ros2_driver) StderrLine: {'line': b'      |   \x1b[01;36m\x1b[K^~~~~~~~~~~~~~~~~\x1b[m\x1b[K\n'}
[20.999792] (ydlidar_ros2_driver) StderrLine: {'line': b'\x1b[01m\x1b[K/opt/ros/humble/include/rclcpp/rclcpp/node.hpp:366:3:\x1b[m\x1b[K \x1b[01;36m\x1b[Knote: \x1b[m\x1b[K  candidate expects 4 arguments, 1 provided\n'}
[21.000639] (ydlidar_ros2_driver) StderrLine: {'line': b'\x1b[01m\x1b[K/opt/ros/humble/include/rclcpp/rclcpp/node.hpp:391:3:\x1b[m\x1b[K \x1b[01;36m\x1b[Knote: \x1b[m\x1b[Kcandidate: \xe2\x80\x98\x1b[01m\x1b[Kconst rclcpp::ParameterValue& rclcpp::Node::declare_parameter(const string&, rclcpp::ParameterType, const ParameterDescriptor&, bool)\x1b[m\x1b[K\xe2\x80\x99\n'}
[21.001496] (ydlidar_ros2_driver) StderrLine: {'line': b'  391 |   \x1b[01;36m\x1b[Kdeclare_parameter\x1b[m\x1b[K(\n'}
[21.002319] (ydlidar_ros2_driver) StderrLine: {'line': b'      |   \x1b[01;36m\x1b[K^~~~~~~~~~~~~~~~~\x1b[m\x1b[K\n'}
[21.003305] (ydlidar_ros2_driver) StderrLine: {'line': b'\x1b[01m\x1b[K/opt/ros/humble/include/rclcpp/rclcpp/node.hpp:391:3:\x1b[m\x1b[K \x1b[01;36m\x1b[Knote: \x1b[m\x1b[K  candidate expects 4 arguments, 1 provided\n'}
[21.004147] (ydlidar_ros2_driver) StderrLine: {'line': b'\x1b[01m\x1b[K/home/ubuntu/slam_project/agv2_ws/src/ydlidar_ros2_driver/src/ydlidar_ros2_driver_node.cpp:145:26:\x1b[m\x1b[K \x1b[01;31m\x1b[Kerror: \x1b[m\x1b[Kno matching function for call to \xe2\x80\x98\x1b[01m\x1b[Krclcpp::Node::declare_parameter(const char [10])\x1b[m\x1b[K\xe2\x80\x99\n'}
[21.005051] (ydlidar_ros2_driver) StderrLine: {'line': b'  145 |   \x1b[01;31m\x1b[Knode->declare_parameter("range_max")\x1b[m\x1b[K;\n'}
[21.005865] (ydlidar_ros2_driver) StderrLine: {'line': b'      |   \x1b[01;31m\x1b[K~~~~~~~~~~~~~~~~~~~~~~~^~~~~~~~~~~~~\x1b[m\x1b[K\n'}
[21.006849] (ydlidar_ros2_driver) StderrLine: {'line': b'In file included from \x1b[01m\x1b[K/opt/ros/humble/include/rclcpp/rclcpp/executors/single_threaded_executor.hpp:28\x1b[m\x1b[K,\n'}
[21.007681] (ydlidar_ros2_driver) StderrLine: {'line': b'                 from \x1b[01m\x1b[K/opt/ros/humble/include/rclcpp/rclcpp/executors.hpp:22\x1b[m\x1b[K,\n'}
[21.008471] (ydlidar_ros2_driver) StderrLine: {'line': b'                 from \x1b[01m\x1b[K/opt/ros/humble/include/rclcpp/rclcpp/rclcpp.hpp:155\x1b[m\x1b[K,\n'}
[21.009551] (ydlidar_ros2_driver) StderrLine: {'line': b'                 from \x1b[01m\x1b[K/home/ubuntu/slam_project/agv2_ws/src/ydlidar_ros2_driver/src/ydlidar_ros2_driver_node.cpp:23\x1b[m\x1b[K:\n'}
[21.010583] (ydlidar_ros2_driver) StderrLine: {'line': b'\x1b[01m\x1b[K/opt/ros/humble/include/rclcpp/rclcpp/node.hpp:421:3:\x1b[m\x1b[K \x1b[01;36m\x1b[Knote: \x1b[m\x1b[Kcandidate: \xe2\x80\x98\x1b[01m\x1b[Ktemplate<class ParameterT> auto rclcpp::Node::declare_parameter(const string&, const ParameterT&, const ParameterDescriptor&, bool)\x1b[m\x1b[K\xe2\x80\x99\n'}
[21.011658] (ydlidar_ros2_driver) StderrLine: {'line': b'  421 |   \x1b[01;36m\x1b[Kdeclare_parameter\x1b[m\x1b[K(\n'}
[21.012795] (ydlidar_ros2_driver) StderrLine: {'line': b'      |   \x1b[01;36m\x1b[K^~~~~~~~~~~~~~~~~\x1b[m\x1b[K\n'}
[21.013584] (ydlidar_ros2_driver) StderrLine: {'line': b'\x1b[01m\x1b[K/opt/ros/humble/include/rclcpp/rclcpp/node.hpp:421:3:\x1b[m\x1b[K \x1b[01;36m\x1b[Knote: \x1b[m\x1b[K  template argument deduction/substitution failed:\n'}
[21.014454] (ydlidar_ros2_driver) StderrLine: {'line': b'\x1b[01m\x1b[K/home/ubuntu/slam_project/agv2_ws/src/ydlidar_ros2_driver/src/ydlidar_ros2_driver_node.cpp:145:26:\x1b[m\x1b[K \x1b[01;36m\x1b[Knote: \x1b[m\x1b[K  candidate expects 4 arguments, 1 provided\n'}
[21.015507] (ydlidar_ros2_driver) StderrLine: {'line': b'  145 |   \x1b[01;36m\x1b[Knode->declare_parameter("range_max")\x1b[m\x1b[K;\n'}
[21.016391] (ydlidar_ros2_driver) StderrLine: {'line': b'      |   \x1b[01;36m\x1b[K~~~~~~~~~~~~~~~~~~~~~~~^~~~~~~~~~~~~\x1b[m\x1b[K\n'}
[21.017208] (ydlidar_ros2_driver) StderrLine: {'line': b'In file included from \x1b[01m\x1b[K/opt/ros/humble/include/rclcpp/rclcpp/executors/single_threaded_executor.hpp:28\x1b[m\x1b[K,\n'}
[21.020546] (ydlidar_ros2_driver) StderrLine: {'line': b'                 from \x1b[01m\x1b[K/opt/ros/humble/include/rclcpp/rclcpp/executors.hpp:22\x1b[m\x1b[K,\n'}
[21.023360] (ydlidar_ros2_driver) StderrLine: {'line': b'                 from \x1b[01m\x1b[K/opt/ros/humble/include/rclcpp/rclcpp/rclcpp.hpp:155\x1b[m\x1b[K,\n'}
[21.024249] (ydlidar_ros2_driver) StderrLine: {'line': b'                 from \x1b[01m\x1b[K/home/ubuntu/slam_project/agv2_ws/src/ydlidar_ros2_driver/src/ydlidar_ros2_driver_node.cpp:23\x1b[m\x1b[K:\n'}
[21.028960] (ydlidar_ros2_driver) StderrLine: {'line': b'\x1b[01m\x1b[K/opt/ros/humble/include/rclcpp/rclcpp/node.hpp:434:3:\x1b[m\x1b[K \x1b[01;36m\x1b[Knote: \x1b[m\x1b[Kcandidate: \xe2\x80\x98\x1b[01m\x1b[Ktemplate<class ParameterT> auto rclcpp::Node::declare_parameter(const string&, const ParameterDescriptor&, bool)\x1b[m\x1b[K\xe2\x80\x99\n'}
[21.029891] (ydlidar_ros2_driver) StderrLine: {'line': b'  434 |   \x1b[01;36m\x1b[Kdeclare_parameter\x1b[m\x1b[K(\n'}
[21.030778] (ydlidar_ros2_driver) StderrLine: {'line': b'      |   \x1b[01;36m\x1b[K^~~~~~~~~~~~~~~~~\x1b[m\x1b[K\n'}
[21.033165] (ydlidar_ros2_driver) StderrLine: {'line': b'\x1b[01m\x1b[K/opt/ros/humble/include/rclcpp/rclcpp/node.hpp:434:3:\x1b[m\x1b[K \x1b[01;36m\x1b[Knote: \x1b[m\x1b[K  template argument deduction/substitution failed:\n'}
[21.035705] (ydlidar_ros2_driver) StderrLine: {'line': b'\x1b[01m\x1b[K/home/ubuntu/slam_project/agv2_ws/src/ydlidar_ros2_driver/src/ydlidar_ros2_driver_node.cpp:145:26:\x1b[m\x1b[K \x1b[01;36m\x1b[Knote: \x1b[m\x1b[K  couldn\xe2\x80\x99t deduce template parameter \xe2\x80\x98\x1b[01m\x1b[KParameterT\x1b[m\x1b[K\xe2\x80\x99\n'}
[21.039612] (ydlidar_ros2_driver) StderrLine: {'line': b'  145 |   \x1b[01;36m\x1b[Knode->declare_parameter("range_max")\x1b[m\x1b[K;\n'}
[21.040308] (ydlidar_ros2_driver) StderrLine: {'line': b'      |   \x1b[01;36m\x1b[K~~~~~~~~~~~~~~~~~~~~~~~^~~~~~~~~~~~~\x1b[m\x1b[K\n'}
[21.041048] (ydlidar_ros2_driver) StderrLine: {'line': b'In file included from \x1b[01m\x1b[K/opt/ros/humble/include/rclcpp/rclcpp/executors/single_threaded_executor.hpp:28\x1b[m\x1b[K,\n'}
[21.044318] (ydlidar_ros2_driver) StderrLine: {'line': b'                 from \x1b[01m\x1b[K/opt/ros/humble/include/rclcpp/rclcpp/executors.hpp:22\x1b[m\x1b[K,\n'}
[21.046891] (ydlidar_ros2_driver) StderrLine: {'line': b'                 from \x1b[01m\x1b[K/opt/ros/humble/include/rclcpp/rclcpp/rclcpp.hpp:155\x1b[m\x1b[K,\n'}
[21.047668] (ydlidar_ros2_driver) StderrLine: {'line': b'                 from \x1b[01m\x1b[K/home/ubuntu/slam_project/agv2_ws/src/ydlidar_ros2_driver/src/ydlidar_ros2_driver_node.cpp:23\x1b[m\x1b[K:\n'}
[21.048237] (ydlidar_ros2_driver) StderrLine: {'line': b'\x1b[01m\x1b[K/opt/ros/humble/include/rclcpp/rclcpp/node.hpp:366:3:\x1b[m\x1b[K \x1b[01;36m\x1b[Knote: \x1b[m\x1b[Kcandidate: \xe2\x80\x98\x1b[01m\x1b[Kconst rclcpp::ParameterValue& rclcpp::Node::declare_parameter(const string&, const rclcpp::ParameterValue&, const ParameterDescriptor&, bool)\x1b[m\x1b[K\xe2\x80\x99\n'}
[21.052911] (ydlidar_ros2_driver) StderrLine: {'line': b'  366 |   \x1b[01;36m\x1b[Kdeclare_parameter\x1b[m\x1b[K(\n'}
[21.055908] (ydlidar_ros2_driver) StderrLine: {'line': b'      |   \x1b[01;36m\x1b[K^~~~~~~~~~~~~~~~~\x1b[m\x1b[K\n'}
[21.059348] (ydlidar_ros2_driver) StderrLine: {'line': b'\x1b[01m\x1b[K/opt/ros/humble/include/rclcpp/rclcpp/node.hpp:366:3:\x1b[m\x1b[K \x1b[01;36m\x1b[Knote: \x1b[m\x1b[K  candidate expects 4 arguments, 1 provided\n'}
[21.060076] (ydlidar_ros2_driver) StderrLine: {'line': b'\x1b[01m\x1b[K/opt/ros/humble/include/rclcpp/rclcpp/node.hpp:391:3:\x1b[m\x1b[K \x1b[01;36m\x1b[Knote: \x1b[m\x1b[Kcandidate: \xe2\x80\x98\x1b[01m\x1b[Kconst rclcpp::ParameterValue& rclcpp::Node::declare_parameter(const string&, rclcpp::ParameterType, const ParameterDescriptor&, bool)\x1b[m\x1b[K\xe2\x80\x99\n'}
[21.060867] (ydlidar_ros2_driver) StderrLine: {'line': b'  391 |   \x1b[01;36m\x1b[Kdeclare_parameter\x1b[m\x1b[K(\n'}
[21.062823] (ydlidar_ros2_driver) StderrLine: {'line': b'      |   \x1b[01;36m\x1b[K^~~~~~~~~~~~~~~~~\x1b[m\x1b[K\n'}
[21.065134] (ydlidar_ros2_driver) StderrLine: {'line': b'\x1b[01m\x1b[K/opt/ros/humble/include/rclcpp/rclcpp/node.hpp:391:3:\x1b[m\x1b[K \x1b[01;36m\x1b[Knote: \x1b[m\x1b[K  candidate expects 4 arguments, 1 provided\n'}
[21.067489] (ydlidar_ros2_driver) StderrLine: {'line': b'\x1b[01m\x1b[K/home/ubuntu/slam_project/agv2_ws/src/ydlidar_ros2_driver/src/ydlidar_ros2_driver_node.cpp:149:26:\x1b[m\x1b[K \x1b[01;31m\x1b[Kerror: \x1b[m\x1b[Kno matching function for call to \xe2\x80\x98\x1b[01m\x1b[Krclcpp::Node::declare_parameter(const char [10])\x1b[m\x1b[K\xe2\x80\x99\n'}
[21.070317] (ydlidar_ros2_driver) StderrLine: {'line': b'  149 |   \x1b[01;31m\x1b[Knode->declare_parameter("range_min")\x1b[m\x1b[K;\n'}
[21.073476] (ydlidar_ros2_driver) StderrLine: {'line': b'      |   \x1b[01;31m\x1b[K~~~~~~~~~~~~~~~~~~~~~~~^~~~~~~~~~~~~\x1b[m\x1b[K\n'}
[21.075716] (ydlidar_ros2_driver) StderrLine: {'line': b'In file included from \x1b[01m\x1b[K/opt/ros/humble/include/rclcpp/rclcpp/executors/single_threaded_executor.hpp:28\x1b[m\x1b[K,\n'}
[21.076399] (ydlidar_ros2_driver) StderrLine: {'line': b'                 from \x1b[01m\x1b[K/opt/ros/humble/include/rclcpp/rclcpp/executors.hpp:22\x1b[m\x1b[K,\n'}
[21.079796] (-) TimerEvent: {}
[21.084061] (ydlidar_ros2_driver) StderrLine: {'line': b'                 from \x1b[01m\x1b[K/opt/ros/humble/include/rclcpp/rclcpp/rclcpp.hpp:155\x1b[m\x1b[K,\n'}
[21.087536] (ydlidar_ros2_driver) StderrLine: {'line': b'                 from \x1b[01m\x1b[K/home/ubuntu/slam_project/agv2_ws/src/ydlidar_ros2_driver/src/ydlidar_ros2_driver_node.cpp:23\x1b[m\x1b[K:\n'}
[21.089063] (ydlidar_ros2_driver) StderrLine: {'line': b'\x1b[01m\x1b[K/opt/ros/humble/include/rclcpp/rclcpp/node.hpp:421:3:\x1b[m\x1b[K \x1b[01;36m\x1b[Knote: \x1b[m\x1b[Kcandidate: \xe2\x80\x98\x1b[01m\x1b[Ktemplate<class ParameterT> auto rclcpp::Node::declare_parameter(const string&, const ParameterT&, const ParameterDescriptor&, bool)\x1b[m\x1b[K\xe2\x80\x99\n'}
[21.093276] (ydlidar_ros2_driver) StderrLine: {'line': b'  421 |   \x1b[01;36m\x1b[Kdeclare_parameter\x1b[m\x1b[K(\n'}
[21.097832] (ydlidar_ros2_driver) StderrLine: {'line': b'      |   \x1b[01;36m\x1b[K^~~~~~~~~~~~~~~~~\x1b[m\x1b[K\n'}
[21.099065] (ydlidar_ros2_driver) StderrLine: {'line': b'\x1b[01m\x1b[K/opt/ros/humble/include/rclcpp/rclcpp/node.hpp:421:3:\x1b[m\x1b[K \x1b[01;36m\x1b[Knote: \x1b[m\x1b[K  template argument deduction/substitution failed:\n'}
[21.102157] (ydlidar_ros2_driver) StderrLine: {'line': b'\x1b[01m\x1b[K/home/ubuntu/slam_project/agv2_ws/src/ydlidar_ros2_driver/src/ydlidar_ros2_driver_node.cpp:149:26:\x1b[m\x1b[K \x1b[01;36m\x1b[Knote: \x1b[m\x1b[K  candidate expects 4 arguments, 1 provided\n'}
[21.105115] (ydlidar_ros2_driver) StderrLine: {'line': b'  149 |   \x1b[01;36m\x1b[Knode->declare_parameter("range_min")\x1b[m\x1b[K;\n'}
[21.105959] (ydlidar_ros2_driver) StderrLine: {'line': b'      |   \x1b[01;36m\x1b[K~~~~~~~~~~~~~~~~~~~~~~~^~~~~~~~~~~~~\x1b[m\x1b[K\n'}
[21.106792] (ydlidar_ros2_driver) StderrLine: {'line': b'In file included from \x1b[01m\x1b[K/opt/ros/humble/include/rclcpp/rclcpp/executors/single_threaded_executor.hpp:28\x1b[m\x1b[K,\n'}
[21.111121] (ydlidar_ros2_driver) StderrLine: {'line': b'                 from \x1b[01m\x1b[K/opt/ros/humble/include/rclcpp/rclcpp/executors.hpp:22\x1b[m\x1b[K,\n'}
[21.111955] (ydlidar_ros2_driver) StderrLine: {'line': b'                 from \x1b[01m\x1b[K/opt/ros/humble/include/rclcpp/rclcpp/rclcpp.hpp:155\x1b[m\x1b[K,\n'}
[21.112792] (ydlidar_ros2_driver) StderrLine: {'line': b'                 from \x1b[01m\x1b[K/home/ubuntu/slam_project/agv2_ws/src/ydlidar_ros2_driver/src/ydlidar_ros2_driver_node.cpp:23\x1b[m\x1b[K:\n'}
[21.113554] (ydlidar_ros2_driver) StderrLine: {'line': b'\x1b[01m\x1b[K/opt/ros/humble/include/rclcpp/rclcpp/node.hpp:434:3:\x1b[m\x1b[K \x1b[01;36m\x1b[Knote: \x1b[m\x1b[Kcandidate: \xe2\x80\x98\x1b[01m\x1b[Ktemplate<class ParameterT> auto rclcpp::Node::declare_parameter(const string&, const ParameterDescriptor&, bool)\x1b[m\x1b[K\xe2\x80\x99\n'}
[21.114304] (ydlidar_ros2_driver) StderrLine: {'line': b'  434 |   \x1b[01;36m\x1b[Kdeclare_parameter\x1b[m\x1b[K(\n'}
[21.115081] (ydlidar_ros2_driver) StderrLine: {'line': b'      |   \x1b[01;36m\x1b[K^~~~~~~~~~~~~~~~~\x1b[m\x1b[K\n'}
[21.115757] (ydlidar_ros2_driver) StderrLine: {'line': b'\x1b[01m\x1b[K/opt/ros/humble/include/rclcpp/rclcpp/node.hpp:434:3:\x1b[m\x1b[K \x1b[01;36m\x1b[Knote: \x1b[m\x1b[K  template argument deduction/substitution failed:\n'}
[21.116430] (ydlidar_ros2_driver) StderrLine: {'line': b'\x1b[01m\x1b[K/home/ubuntu/slam_project/agv2_ws/src/ydlidar_ros2_driver/src/ydlidar_ros2_driver_node.cpp:149:26:\x1b[m\x1b[K \x1b[01;36m\x1b[Knote: \x1b[m\x1b[K  couldn\xe2\x80\x99t deduce template parameter \xe2\x80\x98\x1b[01m\x1b[KParameterT\x1b[m\x1b[K\xe2\x80\x99\n'}
[21.117221] (ydlidar_ros2_driver) StderrLine: {'line': b'  149 |   \x1b[01;36m\x1b[Knode->declare_parameter("range_min")\x1b[m\x1b[K;\n'}
[21.117985] (ydlidar_ros2_driver) StderrLine: {'line': b'      |   \x1b[01;36m\x1b[K~~~~~~~~~~~~~~~~~~~~~~~^~~~~~~~~~~~~\x1b[m\x1b[K\n'}
[21.118814] (ydlidar_ros2_driver) StderrLine: {'line': b'In file included from \x1b[01m\x1b[K/opt/ros/humble/include/rclcpp/rclcpp/executors/single_threaded_executor.hpp:28\x1b[m\x1b[K,\n'}
[21.119679] (ydlidar_ros2_driver) StderrLine: {'line': b'                 from \x1b[01m\x1b[K/opt/ros/humble/include/rclcpp/rclcpp/executors.hpp:22\x1b[m\x1b[K,\n'}
[21.120458] (ydlidar_ros2_driver) StderrLine: {'line': b'                 from \x1b[01m\x1b[K/opt/ros/humble/include/rclcpp/rclcpp/rclcpp.hpp:155\x1b[m\x1b[K,\n'}
[21.121229] (ydlidar_ros2_driver) StderrLine: {'line': b'                 from \x1b[01m\x1b[K/home/ubuntu/slam_project/agv2_ws/src/ydlidar_ros2_driver/src/ydlidar_ros2_driver_node.cpp:23\x1b[m\x1b[K:\n'}
[21.121993] (ydlidar_ros2_driver) StderrLine: {'line': b'\x1b[01m\x1b[K/opt/ros/humble/include/rclcpp/rclcpp/node.hpp:366:3:\x1b[m\x1b[K \x1b[01;36m\x1b[Knote: \x1b[m\x1b[Kcandidate: \xe2\x80\x98\x1b[01m\x1b[Kconst rclcpp::ParameterValue& rclcpp::Node::declare_parameter(const string&, const rclcpp::ParameterValue&, const ParameterDescriptor&, bool)\x1b[m\x1b[K\xe2\x80\x99\n'}
[21.122843] (ydlidar_ros2_driver) StderrLine: {'line': b'  366 |   \x1b[01;36m\x1b[Kdeclare_parameter\x1b[m\x1b[K(\n'}
[21.123616] (ydlidar_ros2_driver) StderrLine: {'line': b'      |   \x1b[01;36m\x1b[K^~~~~~~~~~~~~~~~~\x1b[m\x1b[K\n'}
[21.124354] (ydlidar_ros2_driver) StderrLine: {'line': b'\x1b[01m\x1b[K/opt/ros/humble/include/rclcpp/rclcpp/node.hpp:366:3:\x1b[m\x1b[K \x1b[01;36m\x1b[Knote: \x1b[m\x1b[K  candidate expects 4 arguments, 1 provided\n'}
[21.125123] (ydlidar_ros2_driver) StderrLine: {'line': b'\x1b[01m\x1b[K/opt/ros/humble/include/rclcpp/rclcpp/node.hpp:391:3:\x1b[m\x1b[K \x1b[01;36m\x1b[Knote: \x1b[m\x1b[Kcandidate: \xe2\x80\x98\x1b[01m\x1b[Kconst rclcpp::ParameterValue& rclcpp::Node::declare_parameter(const string&, rclcpp::ParameterType, const ParameterDescriptor&, bool)\x1b[m\x1b[K\xe2\x80\x99\n'}
[21.125956] (ydlidar_ros2_driver) StderrLine: {'line': b'  391 |   \x1b[01;36m\x1b[Kdeclare_parameter\x1b[m\x1b[K(\n'}
[21.126801] (ydlidar_ros2_driver) StderrLine: {'line': b'      |   \x1b[01;36m\x1b[K^~~~~~~~~~~~~~~~~\x1b[m\x1b[K\n'}
[21.127602] (ydlidar_ros2_driver) StderrLine: {'line': b'\x1b[01m\x1b[K/opt/ros/humble/include/rclcpp/rclcpp/node.hpp:391:3:\x1b[m\x1b[K \x1b[01;36m\x1b[Knote: \x1b[m\x1b[K  candidate expects 4 arguments, 1 provided\n'}
[21.128342] (ydlidar_ros2_driver) StderrLine: {'line': b'\x1b[01m\x1b[K/home/ubuntu/slam_project/agv2_ws/src/ydlidar_ros2_driver/src/ydlidar_ros2_driver_node.cpp:154:26:\x1b[m\x1b[K \x1b[01;31m\x1b[Kerror: \x1b[m\x1b[Kno matching function for call to \xe2\x80\x98\x1b[01m\x1b[Krclcpp::Node::declare_parameter(const char [10])\x1b[m\x1b[K\xe2\x80\x99\n'}
[21.129089] (ydlidar_ros2_driver) StderrLine: {'line': b'  154 |   \x1b[01;31m\x1b[Knode->declare_parameter("frequency")\x1b[m\x1b[K;\n'}
[21.129804] (ydlidar_ros2_driver) StderrLine: {'line': b'      |   \x1b[01;31m\x1b[K~~~~~~~~~~~~~~~~~~~~~~~^~~~~~~~~~~~~\x1b[m\x1b[K\n'}
[21.130583] (ydlidar_ros2_driver) StderrLine: {'line': b'In file included from \x1b[01m\x1b[K/opt/ros/humble/include/rclcpp/rclcpp/executors/single_threaded_executor.hpp:28\x1b[m\x1b[K,\n'}
[21.131461] (ydlidar_ros2_driver) StderrLine: {'line': b'                 from \x1b[01m\x1b[K/opt/ros/humble/include/rclcpp/rclcpp/executors.hpp:22\x1b[m\x1b[K,\n'}
[21.132274] (ydlidar_ros2_driver) StderrLine: {'line': b'                 from \x1b[01m\x1b[K/opt/ros/humble/include/rclcpp/rclcpp/rclcpp.hpp:155\x1b[m\x1b[K,\n'}
[21.133198] (ydlidar_ros2_driver) StderrLine: {'line': b'                 from \x1b[01m\x1b[K/home/ubuntu/slam_project/agv2_ws/src/ydlidar_ros2_driver/src/ydlidar_ros2_driver_node.cpp:23\x1b[m\x1b[K:\n'}
[21.133967] (ydlidar_ros2_driver) StderrLine: {'line': b'\x1b[01m\x1b[K/opt/ros/humble/include/rclcpp/rclcpp/node.hpp:421:3:\x1b[m\x1b[K \x1b[01;36m\x1b[Knote: \x1b[m\x1b[Kcandidate: \xe2\x80\x98\x1b[01m\x1b[Ktemplate<class ParameterT> auto rclcpp::Node::declare_parameter(const string&, const ParameterT&, const ParameterDescriptor&, bool)\x1b[m\x1b[K\xe2\x80\x99\n'}
[21.134835] (ydlidar_ros2_driver) StderrLine: {'line': b'  421 |   \x1b[01;36m\x1b[Kdeclare_parameter\x1b[m\x1b[K(\n'}
[21.135655] (ydlidar_ros2_driver) StderrLine: {'line': b'      |   \x1b[01;36m\x1b[K^~~~~~~~~~~~~~~~~\x1b[m\x1b[K\n'}
[21.136513] (ydlidar_ros2_driver) StderrLine: {'line': b'\x1b[01m\x1b[K/opt/ros/humble/include/rclcpp/rclcpp/node.hpp:421:3:\x1b[m\x1b[K \x1b[01;36m\x1b[Knote: \x1b[m\x1b[K  template argument deduction/substitution failed:\n'}
[21.137258] (ydlidar_ros2_driver) StderrLine: {'line': b'\x1b[01m\x1b[K/home/ubuntu/slam_project/agv2_ws/src/ydlidar_ros2_driver/src/ydlidar_ros2_driver_node.cpp:154:26:\x1b[m\x1b[K \x1b[01;36m\x1b[Knote: \x1b[m\x1b[K  candidate expects 4 arguments, 1 provided\n'}
[21.137997] (ydlidar_ros2_driver) StderrLine: {'line': b'  154 |   \x1b[01;36m\x1b[Knode->declare_parameter("frequency")\x1b[m\x1b[K;\n'}
[21.138816] (ydlidar_ros2_driver) StderrLine: {'line': b'      |   \x1b[01;36m\x1b[K~~~~~~~~~~~~~~~~~~~~~~~^~~~~~~~~~~~~\x1b[m\x1b[K\n'}
[21.139560] (ydlidar_ros2_driver) StderrLine: {'line': b'In file included from \x1b[01m\x1b[K/opt/ros/humble/include/rclcpp/rclcpp/executors/single_threaded_executor.hpp:28\x1b[m\x1b[K,\n'}
[21.140355] (ydlidar_ros2_driver) StderrLine: {'line': b'                 from \x1b[01m\x1b[K/opt/ros/humble/include/rclcpp/rclcpp/executors.hpp:22\x1b[m\x1b[K,\n'}
[21.141080] (ydlidar_ros2_driver) StderrLine: {'line': b'                 from \x1b[01m\x1b[K/opt/ros/humble/include/rclcpp/rclcpp/rclcpp.hpp:155\x1b[m\x1b[K,\n'}
[21.141867] (ydlidar_ros2_driver) StderrLine: {'line': b'                 from \x1b[01m\x1b[K/home/ubuntu/slam_project/agv2_ws/src/ydlidar_ros2_driver/src/ydlidar_ros2_driver_node.cpp:23\x1b[m\x1b[K:\n'}
[21.142688] (ydlidar_ros2_driver) StderrLine: {'line': b'\x1b[01m\x1b[K/opt/ros/humble/include/rclcpp/rclcpp/node.hpp:434:3:\x1b[m\x1b[K \x1b[01;36m\x1b[Knote: \x1b[m\x1b[Kcandidate: \xe2\x80\x98\x1b[01m\x1b[Ktemplate<class ParameterT> auto rclcpp::Node::declare_parameter(const string&, const ParameterDescriptor&, bool)\x1b[m\x1b[K\xe2\x80\x99\n'}
[21.143560] (ydlidar_ros2_driver) StderrLine: {'line': b'  434 |   \x1b[01;36m\x1b[Kdeclare_parameter\x1b[m\x1b[K(\n'}
[21.144493] (ydlidar_ros2_driver) StderrLine: {'line': b'      |   \x1b[01;36m\x1b[K^~~~~~~~~~~~~~~~~\x1b[m\x1b[K\n'}
[21.145300] (ydlidar_ros2_driver) StderrLine: {'line': b'\x1b[01m\x1b[K/opt/ros/humble/include/rclcpp/rclcpp/node.hpp:434:3:\x1b[m\x1b[K \x1b[01;36m\x1b[Knote: \x1b[m\x1b[K  template argument deduction/substitution failed:\n'}
[21.146082] (ydlidar_ros2_driver) StderrLine: {'line': b'\x1b[01m\x1b[K/home/ubuntu/slam_project/agv2_ws/src/ydlidar_ros2_driver/src/ydlidar_ros2_driver_node.cpp:154:26:\x1b[m\x1b[K \x1b[01;36m\x1b[Knote: \x1b[m\x1b[K  couldn\xe2\x80\x99t deduce template parameter \xe2\x80\x98\x1b[01m\x1b[KParameterT\x1b[m\x1b[K\xe2\x80\x99\n'}
[21.146952] (ydlidar_ros2_driver) StderrLine: {'line': b'  154 |   \x1b[01;36m\x1b[Knode->declare_parameter("frequency")\x1b[m\x1b[K;\n'}
[21.147705] (ydlidar_ros2_driver) StderrLine: {'line': b'      |   \x1b[01;36m\x1b[K~~~~~~~~~~~~~~~~~~~~~~~^~~~~~~~~~~~~\x1b[m\x1b[K\n'}
[21.148365] (ydlidar_ros2_driver) StderrLine: {'line': b'In file included from \x1b[01m\x1b[K/opt/ros/humble/include/rclcpp/rclcpp/executors/single_threaded_executor.hpp:28\x1b[m\x1b[K,\n'}
[21.149041] (ydlidar_ros2_driver) StderrLine: {'line': b'                 from \x1b[01m\x1b[K/opt/ros/humble/include/rclcpp/rclcpp/executors.hpp:22\x1b[m\x1b[K,\n'}
[21.149771] (ydlidar_ros2_driver) StderrLine: {'line': b'                 from \x1b[01m\x1b[K/opt/ros/humble/include/rclcpp/rclcpp/rclcpp.hpp:155\x1b[m\x1b[K,\n'}
[21.150556] (ydlidar_ros2_driver) StderrLine: {'line': b'                 from \x1b[01m\x1b[K/home/ubuntu/slam_project/agv2_ws/src/ydlidar_ros2_driver/src/ydlidar_ros2_driver_node.cpp:23\x1b[m\x1b[K:\n'}
[21.151365] (ydlidar_ros2_driver) StderrLine: {'line': b'\x1b[01m\x1b[K/opt/ros/humble/include/rclcpp/rclcpp/node.hpp:366:3:\x1b[m\x1b[K \x1b[01;36m\x1b[Knote: \x1b[m\x1b[Kcandidate: \xe2\x80\x98\x1b[01m\x1b[Kconst rclcpp::ParameterValue& rclcpp::Node::declare_parameter(const string&, const rclcpp::ParameterValue&, const ParameterDescriptor&, bool)\x1b[m\x1b[K\xe2\x80\x99\n'}
[21.152248] (ydlidar_ros2_driver) StderrLine: {'line': b'  366 |   \x1b[01;36m\x1b[Kdeclare_parameter\x1b[m\x1b[K(\n'}
[21.153020] (ydlidar_ros2_driver) StderrLine: {'line': b'      |   \x1b[01;36m\x1b[K^~~~~~~~~~~~~~~~~\x1b[m\x1b[K\n'}
[21.153782] (ydlidar_ros2_driver) StderrLine: {'line': b'\x1b[01m\x1b[K/opt/ros/humble/include/rclcpp/rclcpp/node.hpp:366:3:\x1b[m\x1b[K \x1b[01;36m\x1b[Knote: \x1b[m\x1b[K  candidate expects 4 arguments, 1 provided\n'}
[21.154561] (ydlidar_ros2_driver) StderrLine: {'line': b'\x1b[01m\x1b[K/opt/ros/humble/include/rclcpp/rclcpp/node.hpp:391:3:\x1b[m\x1b[K \x1b[01;36m\x1b[Knote: \x1b[m\x1b[Kcandidate: \xe2\x80\x98\x1b[01m\x1b[Kconst rclcpp::ParameterValue& rclcpp::Node::declare_parameter(const string&, rclcpp::ParameterType, const ParameterDescriptor&, bool)\x1b[m\x1b[K\xe2\x80\x99\n'}
[21.155372] (ydlidar_ros2_driver) StderrLine: {'line': b'  391 |   \x1b[01;36m\x1b[Kdeclare_parameter\x1b[m\x1b[K(\n'}
[21.156105] (ydlidar_ros2_driver) StderrLine: {'line': b'      |   \x1b[01;36m\x1b[K^~~~~~~~~~~~~~~~~\x1b[m\x1b[K\n'}
[21.156827] (ydlidar_ros2_driver) StderrLine: {'line': b'\x1b[01m\x1b[K/opt/ros/humble/include/rclcpp/rclcpp/node.hpp:391:3:\x1b[m\x1b[K \x1b[01;36m\x1b[Knote: \x1b[m\x1b[K  candidate expects 4 arguments, 1 provided\n'}
[21.157508] (ydlidar_ros2_driver) StderrLine: {'line': b'\x1b[01m\x1b[K/home/ubuntu/slam_project/agv2_ws/src/ydlidar_ros2_driver/src/ydlidar_ros2_driver_node.cpp:159:26:\x1b[m\x1b[K \x1b[01;31m\x1b[Kerror: \x1b[m\x1b[Kno matching function for call to \xe2\x80\x98\x1b[01m\x1b[Krclcpp::Node::declare_parameter(const char [21])\x1b[m\x1b[K\xe2\x80\x99\n'}
[21.158239] (ydlidar_ros2_driver) StderrLine: {'line': b'  159 |   \x1b[01;31m\x1b[Knode->declare_parameter("invalid_range_is_inf")\x1b[m\x1b[K;\n'}
[21.159084] (ydlidar_ros2_driver) StderrLine: {'line': b'      |   \x1b[01;31m\x1b[K~~~~~~~~~~~~~~~~~~~~~~~^~~~~~~~~~~~~~~~~~~~~~~~\x1b[m\x1b[K\n'}
[21.159780] (ydlidar_ros2_driver) StderrLine: {'line': b'In file included from \x1b[01m\x1b[K/opt/ros/humble/include/rclcpp/rclcpp/executors/single_threaded_executor.hpp:28\x1b[m\x1b[K,\n'}
[21.160574] (ydlidar_ros2_driver) StderrLine: {'line': b'                 from \x1b[01m\x1b[K/opt/ros/humble/include/rclcpp/rclcpp/executors.hpp:22\x1b[m\x1b[K,\n'}
[21.161386] (ydlidar_ros2_driver) StderrLine: {'line': b'                 from \x1b[01m\x1b[K/opt/ros/humble/include/rclcpp/rclcpp/rclcpp.hpp:155\x1b[m\x1b[K,\n'}
[21.162149] (ydlidar_ros2_driver) StderrLine: {'line': b'                 from \x1b[01m\x1b[K/home/ubuntu/slam_project/agv2_ws/src/ydlidar_ros2_driver/src/ydlidar_ros2_driver_node.cpp:23\x1b[m\x1b[K:\n'}
[21.163028] (ydlidar_ros2_driver) StderrLine: {'line': b'\x1b[01m\x1b[K/opt/ros/humble/include/rclcpp/rclcpp/node.hpp:421:3:\x1b[m\x1b[K \x1b[01;36m\x1b[Knote: \x1b[m\x1b[Kcandidate: \xe2\x80\x98\x1b[01m\x1b[Ktemplate<class ParameterT> auto rclcpp::Node::declare_parameter(const string&, const ParameterT&, const ParameterDescriptor&, bool)\x1b[m\x1b[K\xe2\x80\x99\n'}
[21.163823] (ydlidar_ros2_driver) StderrLine: {'line': b'  421 |   \x1b[01;36m\x1b[Kdeclare_parameter\x1b[m\x1b[K(\n'}
[21.164550] (ydlidar_ros2_driver) StderrLine: {'line': b'      |   \x1b[01;36m\x1b[K^~~~~~~~~~~~~~~~~\x1b[m\x1b[K\n'}
[21.165174] (ydlidar_ros2_driver) StderrLine: {'line': b'\x1b[01m\x1b[K/opt/ros/humble/include/rclcpp/rclcpp/node.hpp:421:3:\x1b[m\x1b[K \x1b[01;36m\x1b[Knote: \x1b[m\x1b[K  template argument deduction/substitution failed:\n'}
[21.165784] (ydlidar_ros2_driver) StderrLine: {'line': b'\x1b[01m\x1b[K/home/ubuntu/slam_project/agv2_ws/src/ydlidar_ros2_driver/src/ydlidar_ros2_driver_node.cpp:159:26:\x1b[m\x1b[K \x1b[01;36m\x1b[Knote: \x1b[m\x1b[K  candidate expects 4 arguments, 1 provided\n'}
[21.166479] (ydlidar_ros2_driver) StderrLine: {'line': b'  159 |   \x1b[01;36m\x1b[Knode->declare_parameter("invalid_range_is_inf")\x1b[m\x1b[K;\n'}
[21.167347] (ydlidar_ros2_driver) StderrLine: {'line': b'      |   \x1b[01;36m\x1b[K~~~~~~~~~~~~~~~~~~~~~~~^~~~~~~~~~~~~~~~~~~~~~~~\x1b[m\x1b[K\n'}
[21.168072] (ydlidar_ros2_driver) StderrLine: {'line': b'In file included from \x1b[01m\x1b[K/opt/ros/humble/include/rclcpp/rclcpp/executors/single_threaded_executor.hpp:28\x1b[m\x1b[K,\n'}
[21.168952] (ydlidar_ros2_driver) StderrLine: {'line': b'                 from \x1b[01m\x1b[K/opt/ros/humble/include/rclcpp/rclcpp/executors.hpp:22\x1b[m\x1b[K,\n'}
[21.169697] (ydlidar_ros2_driver) StderrLine: {'line': b'                 from \x1b[01m\x1b[K/opt/ros/humble/include/rclcpp/rclcpp/rclcpp.hpp:155\x1b[m\x1b[K,\n'}
[21.170454] (ydlidar_ros2_driver) StderrLine: {'line': b'                 from \x1b[01m\x1b[K/home/ubuntu/slam_project/agv2_ws/src/ydlidar_ros2_driver/src/ydlidar_ros2_driver_node.cpp:23\x1b[m\x1b[K:\n'}
[21.171324] (ydlidar_ros2_driver) StderrLine: {'line': b'\x1b[01m\x1b[K/opt/ros/humble/include/rclcpp/rclcpp/node.hpp:434:3:\x1b[m\x1b[K \x1b[01;36m\x1b[Knote: \x1b[m\x1b[Kcandidate: \xe2\x80\x98\x1b[01m\x1b[Ktemplate<class ParameterT> auto rclcpp::Node::declare_parameter(const string&, const ParameterDescriptor&, bool)\x1b[m\x1b[K\xe2\x80\x99\n'}
[21.172181] (ydlidar_ros2_driver) StderrLine: {'line': b'  434 |   \x1b[01;36m\x1b[Kdeclare_parameter\x1b[m\x1b[K(\n'}
[21.173016] (ydlidar_ros2_driver) StderrLine: {'line': b'      |   \x1b[01;36m\x1b[K^~~~~~~~~~~~~~~~~\x1b[m\x1b[K\n'}
[21.173747] (ydlidar_ros2_driver) StderrLine: {'line': b'\x1b[01m\x1b[K/opt/ros/humble/include/rclcpp/rclcpp/node.hpp:434:3:\x1b[m\x1b[K \x1b[01;36m\x1b[Knote: \x1b[m\x1b[K  template argument deduction/substitution failed:\n'}
[21.174554] (ydlidar_ros2_driver) StderrLine: {'line': b'\x1b[01m\x1b[K/home/ubuntu/slam_project/agv2_ws/src/ydlidar_ros2_driver/src/ydlidar_ros2_driver_node.cpp:159:26:\x1b[m\x1b[K \x1b[01;36m\x1b[Knote: \x1b[m\x1b[K  couldn\xe2\x80\x99t deduce template parameter \xe2\x80\x98\x1b[01m\x1b[KParameterT\x1b[m\x1b[K\xe2\x80\x99\n'}
[21.175472] (ydlidar_ros2_driver) StderrLine: {'line': b'  159 |   \x1b[01;36m\x1b[Knode->declare_parameter("invalid_range_is_inf")\x1b[m\x1b[K;\n'}
[21.176236] (ydlidar_ros2_driver) StderrLine: {'line': b'      |   \x1b[01;36m\x1b[K~~~~~~~~~~~~~~~~~~~~~~~^~~~~~~~~~~~~~~~~~~~~~~~\x1b[m\x1b[K\n'}
[21.176986] (ydlidar_ros2_driver) StderrLine: {'line': b'In file included from \x1b[01m\x1b[K/opt/ros/humble/include/rclcpp/rclcpp/executors/single_threaded_executor.hpp:28\x1b[m\x1b[K,\n'}
[21.177735] (ydlidar_ros2_driver) StderrLine: {'line': b'                 from \x1b[01m\x1b[K/opt/ros/humble/include/rclcpp/rclcpp/executors.hpp:22\x1b[m\x1b[K,\n'}
[21.178469] (ydlidar_ros2_driver) StderrLine: {'line': b'                 from \x1b[01m\x1b[K/opt/ros/humble/include/rclcpp/rclcpp/rclcpp.hpp:155\x1b[m\x1b[K,\n'}
[21.179299] (ydlidar_ros2_driver) StderrLine: {'line': b'                 from \x1b[01m\x1b[K/home/ubuntu/slam_project/agv2_ws/src/ydlidar_ros2_driver/src/ydlidar_ros2_driver_node.cpp:23\x1b[m\x1b[K:\n'}
[21.180055] (-) TimerEvent: {}
[21.181607] (ydlidar_ros2_driver) StderrLine: {'line': b'\x1b[01m\x1b[K/opt/ros/humble/include/rclcpp/rclcpp/node.hpp:366:3:\x1b[m\x1b[K \x1b[01;36m\x1b[Knote: \x1b[m\x1b[Kcandidate: \xe2\x80\x98\x1b[01m\x1b[Kconst rclcpp::ParameterValue& rclcpp::Node::declare_parameter(const string&, const rclcpp::ParameterValue&, const ParameterDescriptor&, bool)\x1b[m\x1b[K\xe2\x80\x99\n'}
[21.182826] (ydlidar_ros2_driver) StderrLine: {'line': b'  366 |   \x1b[01;36m\x1b[Kdeclare_parameter\x1b[m\x1b[K(\n'}
[21.183992] (ydlidar_ros2_driver) StderrLine: {'line': b'      |   \x1b[01;36m\x1b[K^~~~~~~~~~~~~~~~~\x1b[m\x1b[K\n'}
[21.184928] (ydlidar_ros2_driver) StderrLine: {'line': b'\x1b[01m\x1b[K/opt/ros/humble/include/rclcpp/rclcpp/node.hpp:366:3:\x1b[m\x1b[K \x1b[01;36m\x1b[Knote: \x1b[m\x1b[K  candidate expects 4 arguments, 1 provided\n'}
[21.186100] (ydlidar_ros2_driver) StderrLine: {'line': b'\x1b[01m\x1b[K/opt/ros/humble/include/rclcpp/rclcpp/node.hpp:391:3:\x1b[m\x1b[K \x1b[01;36m\x1b[Knote: \x1b[m\x1b[Kcandidate: \xe2\x80\x98\x1b[01m\x1b[Kconst rclcpp::ParameterValue& rclcpp::Node::declare_parameter(const string&, rclcpp::ParameterType, const ParameterDescriptor&, bool)\x1b[m\x1b[K\xe2\x80\x99\n'}
[21.187267] (ydlidar_ros2_driver) StderrLine: {'line': b'  391 |   \x1b[01;36m\x1b[Kdeclare_parameter\x1b[m\x1b[K(\n'}
[21.188414] (ydlidar_ros2_driver) StderrLine: {'line': b'      |   \x1b[01;36m\x1b[K^~~~~~~~~~~~~~~~~\x1b[m\x1b[K\n'}
[21.189366] (ydlidar_ros2_driver) StderrLine: {'line': b'\x1b[01m\x1b[K/opt/ros/humble/include/rclcpp/rclcpp/node.hpp:391:3:\x1b[m\x1b[K \x1b[01;36m\x1b[Knote: \x1b[m\x1b[K  candidate expects 4 arguments, 1 provided\n'}
[21.190600] (ydlidar_ros2_driver) StderrLine: {'line': b'\x1b[01m\x1b[K/home/ubuntu/slam_project/agv2_ws/src/ydlidar_ros2_driver/src/ydlidar_ros2_driver_node.cpp:168:28:\x1b[m\x1b[K \x1b[01;31m\x1b[Kerror: \x1b[m\x1b[Kno matching function for call to \xe2\x80\x98\x1b[01m\x1b[Krclcpp::Node::declare_parameter(const char [8])\x1b[m\x1b[K\xe2\x80\x99\n'}
[21.191871] (ydlidar_ros2_driver) StderrLine: {'line': b'  168 |     \x1b[01;31m\x1b[Knode->declare_parameter("m1_mode")\x1b[m\x1b[K;\n'}
[21.193013] (ydlidar_ros2_driver) StderrLine: {'line': b'      |     \x1b[01;31m\x1b[K~~~~~~~~~~~~~~~~~~~~~~~^~~~~~~~~~~\x1b[m\x1b[K\n'}
[21.193754] (ydlidar_ros2_driver) StderrLine: {'line': b'In file included from \x1b[01m\x1b[K/opt/ros/humble/include/rclcpp/rclcpp/executors/single_threaded_executor.hpp:28\x1b[m\x1b[K,\n'}
[21.194458] (ydlidar_ros2_driver) StderrLine: {'line': b'                 from \x1b[01m\x1b[K/opt/ros/humble/include/rclcpp/rclcpp/executors.hpp:22\x1b[m\x1b[K,\n'}
[21.195639] (ydlidar_ros2_driver) StderrLine: {'line': b'                 from \x1b[01m\x1b[K/opt/ros/humble/include/rclcpp/rclcpp/rclcpp.hpp:155\x1b[m\x1b[K,\n'}
[21.196696] (ydlidar_ros2_driver) StderrLine: {'line': b'                 from \x1b[01m\x1b[K/home/ubuntu/slam_project/agv2_ws/src/ydlidar_ros2_driver/src/ydlidar_ros2_driver_node.cpp:23\x1b[m\x1b[K:\n'}
[21.197715] (ydlidar_ros2_driver) StderrLine: {'line': b'\x1b[01m\x1b[K/opt/ros/humble/include/rclcpp/rclcpp/node.hpp:421:3:\x1b[m\x1b[K \x1b[01;36m\x1b[Knote: \x1b[m\x1b[Kcandidate: \xe2\x80\x98\x1b[01m\x1b[Ktemplate<class ParameterT> auto rclcpp::Node::declare_parameter(const string&, const ParameterT&, const ParameterDescriptor&, bool)\x1b[m\x1b[K\xe2\x80\x99\n'}
[21.198795] (ydlidar_ros2_driver) StderrLine: {'line': b'  421 |   \x1b[01;36m\x1b[Kdeclare_parameter\x1b[m\x1b[K(\n'}
[21.200171] (ydlidar_ros2_driver) StderrLine: {'line': b'      |   \x1b[01;36m\x1b[K^~~~~~~~~~~~~~~~~\x1b[m\x1b[K\n'}
[21.201138] (ydlidar_ros2_driver) StderrLine: {'line': b'\x1b[01m\x1b[K/opt/ros/humble/include/rclcpp/rclcpp/node.hpp:421:3:\x1b[m\x1b[K \x1b[01;36m\x1b[Knote: \x1b[m\x1b[K  template argument deduction/substitution failed:\n'}
[21.202188] (ydlidar_ros2_driver) StderrLine: {'line': b'\x1b[01m\x1b[K/home/ubuntu/slam_project/agv2_ws/src/ydlidar_ros2_driver/src/ydlidar_ros2_driver_node.cpp:168:28:\x1b[m\x1b[K \x1b[01;36m\x1b[Knote: \x1b[m\x1b[K  candidate expects 4 arguments, 1 provided\n'}
[21.203145] (ydlidar_ros2_driver) StderrLine: {'line': b'  168 |     \x1b[01;36m\x1b[Knode->declare_parameter("m1_mode")\x1b[m\x1b[K;\n'}
[21.203917] (ydlidar_ros2_driver) StderrLine: {'line': b'      |     \x1b[01;36m\x1b[K~~~~~~~~~~~~~~~~~~~~~~~^~~~~~~~~~~\x1b[m\x1b[K\n'}
[21.204646] (ydlidar_ros2_driver) StderrLine: {'line': b'In file included from \x1b[01m\x1b[K/opt/ros/humble/include/rclcpp/rclcpp/executors/single_threaded_executor.hpp:28\x1b[m\x1b[K,\n'}
[21.205557] (ydlidar_ros2_driver) StderrLine: {'line': b'                 from \x1b[01m\x1b[K/opt/ros/humble/include/rclcpp/rclcpp/executors.hpp:22\x1b[m\x1b[K,\n'}
[21.206627] (ydlidar_ros2_driver) StderrLine: {'line': b'                 from \x1b[01m\x1b[K/opt/ros/humble/include/rclcpp/rclcpp/rclcpp.hpp:155\x1b[m\x1b[K,\n'}
[21.207931] (ydlidar_ros2_driver) StderrLine: {'line': b'                 from \x1b[01m\x1b[K/home/ubuntu/slam_project/agv2_ws/src/ydlidar_ros2_driver/src/ydlidar_ros2_driver_node.cpp:23\x1b[m\x1b[K:\n'}
[21.208982] (ydlidar_ros2_driver) StderrLine: {'line': b'\x1b[01m\x1b[K/opt/ros/humble/include/rclcpp/rclcpp/node.hpp:434:3:\x1b[m\x1b[K \x1b[01;36m\x1b[Knote: \x1b[m\x1b[Kcandidate: \xe2\x80\x98\x1b[01m\x1b[Ktemplate<class ParameterT> auto rclcpp::Node::declare_parameter(const string&, const ParameterDescriptor&, bool)\x1b[m\x1b[K\xe2\x80\x99\n'}
[21.210170] (ydlidar_ros2_driver) StderrLine: {'line': b'  434 |   \x1b[01;36m\x1b[Kdeclare_parameter\x1b[m\x1b[K(\n'}
[21.211344] (ydlidar_ros2_driver) StderrLine: {'line': b'      |   \x1b[01;36m\x1b[K^~~~~~~~~~~~~~~~~\x1b[m\x1b[K\n'}
[21.212361] (ydlidar_ros2_driver) StderrLine: {'line': b'\x1b[01m\x1b[K/opt/ros/humble/include/rclcpp/rclcpp/node.hpp:434:3:\x1b[m\x1b[K \x1b[01;36m\x1b[Knote: \x1b[m\x1b[K  template argument deduction/substitution failed:\n'}
[21.213256] (ydlidar_ros2_driver) StderrLine: {'line': b'\x1b[01m\x1b[K/home/ubuntu/slam_project/agv2_ws/src/ydlidar_ros2_driver/src/ydlidar_ros2_driver_node.cpp:168:28:\x1b[m\x1b[K \x1b[01;36m\x1b[Knote: \x1b[m\x1b[K  couldn\xe2\x80\x99t deduce template parameter \xe2\x80\x98\x1b[01m\x1b[KParameterT\x1b[m\x1b[K\xe2\x80\x99\n'}
[21.214022] (ydlidar_ros2_driver) StderrLine: {'line': b'  168 |     \x1b[01;36m\x1b[Knode->declare_parameter("m1_mode")\x1b[m\x1b[K;\n'}
[21.214901] (ydlidar_ros2_driver) StderrLine: {'line': b'      |     \x1b[01;36m\x1b[K~~~~~~~~~~~~~~~~~~~~~~~^~~~~~~~~~~\x1b[m\x1b[K\n'}
[21.215916] (ydlidar_ros2_driver) StderrLine: {'line': b'In file included from \x1b[01m\x1b[K/opt/ros/humble/include/rclcpp/rclcpp/executors/single_threaded_executor.hpp:28\x1b[m\x1b[K,\n'}
[21.216998] (ydlidar_ros2_driver) StderrLine: {'line': b'                 from \x1b[01m\x1b[K/opt/ros/humble/include/rclcpp/rclcpp/executors.hpp:22\x1b[m\x1b[K,\n'}
[21.218027] (ydlidar_ros2_driver) StderrLine: {'line': b'                 from \x1b[01m\x1b[K/opt/ros/humble/include/rclcpp/rclcpp/rclcpp.hpp:155\x1b[m\x1b[K,\n'}
[21.219166] (ydlidar_ros2_driver) StderrLine: {'line': b'                 from \x1b[01m\x1b[K/home/ubuntu/slam_project/agv2_ws/src/ydlidar_ros2_driver/src/ydlidar_ros2_driver_node.cpp:23\x1b[m\x1b[K:\n'}
[21.220230] (ydlidar_ros2_driver) StderrLine: {'line': b'\x1b[01m\x1b[K/opt/ros/humble/include/rclcpp/rclcpp/node.hpp:366:3:\x1b[m\x1b[K \x1b[01;36m\x1b[Knote: \x1b[m\x1b[Kcandidate: \xe2\x80\x98\x1b[01m\x1b[Kconst rclcpp::ParameterValue& rclcpp::Node::declare_parameter(const string&, const rclcpp::ParameterValue&, const ParameterDescriptor&, bool)\x1b[m\x1b[K\xe2\x80\x99\n'}
[21.221452] (ydlidar_ros2_driver) StderrLine: {'line': b'  366 |   \x1b[01;36m\x1b[Kdeclare_parameter\x1b[m\x1b[K(\n'}
[21.222590] (ydlidar_ros2_driver) StderrLine: {'line': b'      |   \x1b[01;36m\x1b[K^~~~~~~~~~~~~~~~~\x1b[m\x1b[K\n'}
[21.223453] (ydlidar_ros2_driver) StderrLine: {'line': b'\x1b[01m\x1b[K/opt/ros/humble/include/rclcpp/rclcpp/node.hpp:366:3:\x1b[m\x1b[K \x1b[01;36m\x1b[Knote: \x1b[m\x1b[K  candidate expects 4 arguments, 1 provided\n'}
[21.224226] (ydlidar_ros2_driver) StderrLine: {'line': b'\x1b[01m\x1b[K/opt/ros/humble/include/rclcpp/rclcpp/node.hpp:391:3:\x1b[m\x1b[K \x1b[01;36m\x1b[Knote: \x1b[m\x1b[Kcandidate: \xe2\x80\x98\x1b[01m\x1b[Kconst rclcpp::ParameterValue& rclcpp::Node::declare_parameter(const string&, rclcpp::ParameterType, const ParameterDescriptor&, bool)\x1b[m\x1b[K\xe2\x80\x99\n'}
[21.225155] (ydlidar_ros2_driver) StderrLine: {'line': b'  391 |   \x1b[01;36m\x1b[Kdeclare_parameter\x1b[m\x1b[K(\n'}
[21.226250] (ydlidar_ros2_driver) StderrLine: {'line': b'      |   \x1b[01;36m\x1b[K^~~~~~~~~~~~~~~~~\x1b[m\x1b[K\n'}
[21.227445] (ydlidar_ros2_driver) StderrLine: {'line': b'\x1b[01m\x1b[K/opt/ros/humble/include/rclcpp/rclcpp/node.hpp:391:3:\x1b[m\x1b[K \x1b[01;36m\x1b[Knote: \x1b[m\x1b[K  candidate expects 4 arguments, 1 provided\n'}
[21.228637] (ydlidar_ros2_driver) StderrLine: {'line': b'\x1b[01m\x1b[K/home/ubuntu/slam_project/agv2_ws/src/ydlidar_ros2_driver/src/ydlidar_ros2_driver_node.cpp:172:28:\x1b[m\x1b[K \x1b[01;31m\x1b[Kerror: \x1b[m\x1b[Kno matching function for call to \xe2\x80\x98\x1b[01m\x1b[Krclcpp::Node::declare_parameter(const char [8])\x1b[m\x1b[K\xe2\x80\x99\n'}
[21.229715] (ydlidar_ros2_driver) StderrLine: {'line': b'  172 |     \x1b[01;31m\x1b[Knode->declare_parameter("m2_mode")\x1b[m\x1b[K;\n'}
[21.230762] (ydlidar_ros2_driver) StderrLine: {'line': b'      |     \x1b[01;31m\x1b[K~~~~~~~~~~~~~~~~~~~~~~~^~~~~~~~~~~\x1b[m\x1b[K\n'}
[21.231841] (ydlidar_ros2_driver) StderrLine: {'line': b'In file included from \x1b[01m\x1b[K/opt/ros/humble/include/rclcpp/rclcpp/executors/single_threaded_executor.hpp:28\x1b[m\x1b[K,\n'}
[21.232782] (ydlidar_ros2_driver) StderrLine: {'line': b'                 from \x1b[01m\x1b[K/opt/ros/humble/include/rclcpp/rclcpp/executors.hpp:22\x1b[m\x1b[K,\n'}
[21.233587] (ydlidar_ros2_driver) StderrLine: {'line': b'                 from \x1b[01m\x1b[K/opt/ros/humble/include/rclcpp/rclcpp/rclcpp.hpp:155\x1b[m\x1b[K,\n'}
[21.234336] (ydlidar_ros2_driver) StderrLine: {'line': b'                 from \x1b[01m\x1b[K/home/ubuntu/slam_project/agv2_ws/src/ydlidar_ros2_driver/src/ydlidar_ros2_driver_node.cpp:23\x1b[m\x1b[K:\n'}
[21.235428] (ydlidar_ros2_driver) StderrLine: {'line': b'\x1b[01m\x1b[K/opt/ros/humble/include/rclcpp/rclcpp/node.hpp:421:3:\x1b[m\x1b[K \x1b[01;36m\x1b[Knote: \x1b[m\x1b[Kcandidate: \xe2\x80\x98\x1b[01m\x1b[Ktemplate<class ParameterT> auto rclcpp::Node::declare_parameter(const string&, const ParameterT&, const ParameterDescriptor&, bool)\x1b[m\x1b[K\xe2\x80\x99\n'}
[21.236531] (ydlidar_ros2_driver) StderrLine: {'line': b'  421 |   \x1b[01;36m\x1b[Kdeclare_parameter\x1b[m\x1b[K(\n'}
[21.237529] (ydlidar_ros2_driver) StderrLine: {'line': b'      |   \x1b[01;36m\x1b[K^~~~~~~~~~~~~~~~~\x1b[m\x1b[K\n'}
[21.238684] (ydlidar_ros2_driver) StderrLine: {'line': b'\x1b[01m\x1b[K/opt/ros/humble/include/rclcpp/rclcpp/node.hpp:421:3:\x1b[m\x1b[K \x1b[01;36m\x1b[Knote: \x1b[m\x1b[K  template argument deduction/substitution failed:\n'}
[21.239785] (ydlidar_ros2_driver) StderrLine: {'line': b'\x1b[01m\x1b[K/home/ubuntu/slam_project/agv2_ws/src/ydlidar_ros2_driver/src/ydlidar_ros2_driver_node.cpp:172:28:\x1b[m\x1b[K \x1b[01;36m\x1b[Knote: \x1b[m\x1b[K  candidate expects 4 arguments, 1 provided\n'}
[21.240764] (ydlidar_ros2_driver) StderrLine: {'line': b'  172 |     \x1b[01;36m\x1b[Knode->declare_parameter("m2_mode")\x1b[m\x1b[K;\n'}
[21.241837] (ydlidar_ros2_driver) StderrLine: {'line': b'      |     \x1b[01;36m\x1b[K~~~~~~~~~~~~~~~~~~~~~~~^~~~~~~~~~~\x1b[m\x1b[K\n'}
[21.242910] (ydlidar_ros2_driver) StderrLine: {'line': b'In file included from \x1b[01m\x1b[K/opt/ros/humble/include/rclcpp/rclcpp/executors/single_threaded_executor.hpp:28\x1b[m\x1b[K,\n'}
[21.243705] (ydlidar_ros2_driver) StderrLine: {'line': b'                 from \x1b[01m\x1b[K/opt/ros/humble/include/rclcpp/rclcpp/executors.hpp:22\x1b[m\x1b[K,\n'}
[21.244800] (ydlidar_ros2_driver) StderrLine: {'line': b'                 from \x1b[01m\x1b[K/opt/ros/humble/include/rclcpp/rclcpp/rclcpp.hpp:155\x1b[m\x1b[K,\n'}
[21.245894] (ydlidar_ros2_driver) StderrLine: {'line': b'                 from \x1b[01m\x1b[K/home/ubuntu/slam_project/agv2_ws/src/ydlidar_ros2_driver/src/ydlidar_ros2_driver_node.cpp:23\x1b[m\x1b[K:\n'}
[21.247038] (ydlidar_ros2_driver) StderrLine: {'line': b'\x1b[01m\x1b[K/opt/ros/humble/include/rclcpp/rclcpp/node.hpp:434:3:\x1b[m\x1b[K \x1b[01;36m\x1b[Knote: \x1b[m\x1b[Kcandidate: \xe2\x80\x98\x1b[01m\x1b[Ktemplate<class ParameterT> auto rclcpp::Node::declare_parameter(const string&, const ParameterDescriptor&, bool)\x1b[m\x1b[K\xe2\x80\x99\n'}
[21.248100] (ydlidar_ros2_driver) StderrLine: {'line': b'  434 |   \x1b[01;36m\x1b[Kdeclare_parameter\x1b[m\x1b[K(\n'}
[21.249088] (ydlidar_ros2_driver) StderrLine: {'line': b'      |   \x1b[01;36m\x1b[K^~~~~~~~~~~~~~~~~\x1b[m\x1b[K\n'}
[21.250160] (ydlidar_ros2_driver) StderrLine: {'line': b'\x1b[01m\x1b[K/opt/ros/humble/include/rclcpp/rclcpp/node.hpp:434:3:\x1b[m\x1b[K \x1b[01;36m\x1b[Knote: \x1b[m\x1b[K  template argument deduction/substitution failed:\n'}
[21.251301] (ydlidar_ros2_driver) StderrLine: {'line': b'\x1b[01m\x1b[K/home/ubuntu/slam_project/agv2_ws/src/ydlidar_ros2_driver/src/ydlidar_ros2_driver_node.cpp:172:28:\x1b[m\x1b[K \x1b[01;36m\x1b[Knote: \x1b[m\x1b[K  couldn\xe2\x80\x99t deduce template parameter \xe2\x80\x98\x1b[01m\x1b[KParameterT\x1b[m\x1b[K\xe2\x80\x99\n'}
[21.252358] (ydlidar_ros2_driver) StderrLine: {'line': b'  172 |     \x1b[01;36m\x1b[Knode->declare_parameter("m2_mode")\x1b[m\x1b[K;\n'}
[21.253243] (ydlidar_ros2_driver) StderrLine: {'line': b'      |     \x1b[01;36m\x1b[K~~~~~~~~~~~~~~~~~~~~~~~^~~~~~~~~~~\x1b[m\x1b[K\n'}
[21.254162] (ydlidar_ros2_driver) StderrLine: {'line': b'In file included from \x1b[01m\x1b[K/opt/ros/humble/include/rclcpp/rclcpp/executors/single_threaded_executor.hpp:28\x1b[m\x1b[K,\n'}
[21.255242] (ydlidar_ros2_driver) StderrLine: {'line': b'                 from \x1b[01m\x1b[K/opt/ros/humble/include/rclcpp/rclcpp/executors.hpp:22\x1b[m\x1b[K,\n'}
[21.256350] (ydlidar_ros2_driver) StderrLine: {'line': b'                 from \x1b[01m\x1b[K/opt/ros/humble/include/rclcpp/rclcpp/rclcpp.hpp:155\x1b[m\x1b[K,\n'}
[21.257449] (ydlidar_ros2_driver) StderrLine: {'line': b'                 from \x1b[01m\x1b[K/home/ubuntu/slam_project/agv2_ws/src/ydlidar_ros2_driver/src/ydlidar_ros2_driver_node.cpp:23\x1b[m\x1b[K:\n'}
[21.258714] (ydlidar_ros2_driver) StderrLine: {'line': b'\x1b[01m\x1b[K/opt/ros/humble/include/rclcpp/rclcpp/node.hpp:366:3:\x1b[m\x1b[K \x1b[01;36m\x1b[Knote: \x1b[m\x1b[Kcandidate: \xe2\x80\x98\x1b[01m\x1b[Kconst rclcpp::ParameterValue& rclcpp::Node::declare_parameter(const string&, const rclcpp::ParameterValue&, const ParameterDescriptor&, bool)\x1b[m\x1b[K\xe2\x80\x99\n'}
[21.259811] (ydlidar_ros2_driver) StderrLine: {'line': b'  366 |   \x1b[01;36m\x1b[Kdeclare_parameter\x1b[m\x1b[K(\n'}
[21.260726] (ydlidar_ros2_driver) StderrLine: {'line': b'      |   \x1b[01;36m\x1b[K^~~~~~~~~~~~~~~~~\x1b[m\x1b[K\n'}
[21.261685] (ydlidar_ros2_driver) StderrLine: {'line': b'\x1b[01m\x1b[K/opt/ros/humble/include/rclcpp/rclcpp/node.hpp:366:3:\x1b[m\x1b[K \x1b[01;36m\x1b[Knote: \x1b[m\x1b[K  candidate expects 4 arguments, 1 provided\n'}
[21.262473] (ydlidar_ros2_driver) StderrLine: {'line': b'\x1b[01m\x1b[K/opt/ros/humble/include/rclcpp/rclcpp/node.hpp:391:3:\x1b[m\x1b[K \x1b[01;36m\x1b[Knote: \x1b[m\x1b[Kcandidate: \xe2\x80\x98\x1b[01m\x1b[Kconst rclcpp::ParameterValue& rclcpp::Node::declare_parameter(const string&, rclcpp::ParameterType, const ParameterDescriptor&, bool)\x1b[m\x1b[K\xe2\x80\x99\n'}
[21.263338] (ydlidar_ros2_driver) StderrLine: {'line': b'  391 |   \x1b[01;36m\x1b[Kdeclare_parameter\x1b[m\x1b[K(\n'}
[21.264315] (ydlidar_ros2_driver) StderrLine: {'line': b'      |   \x1b[01;36m\x1b[K^~~~~~~~~~~~~~~~~\x1b[m\x1b[K\n'}
[21.265158] (ydlidar_ros2_driver) StderrLine: {'line': b'\x1b[01m\x1b[K/opt/ros/humble/include/rclcpp/rclcpp/node.hpp:391:3:\x1b[m\x1b[K \x1b[01;36m\x1b[Knote: \x1b[m\x1b[K  candidate expects 4 arguments, 1 provided\n'}
[21.266324] (ydlidar_ros2_driver) StderrLine: {'line': b'\x1b[01m\x1b[K/home/ubuntu/slam_project/agv2_ws/src/ydlidar_ros2_driver/src/ydlidar_ros2_driver_node.cpp:176:28:\x1b[m\x1b[K \x1b[01;31m\x1b[Kerror: \x1b[m\x1b[Kno matching function for call to \xe2\x80\x98\x1b[01m\x1b[Krclcpp::Node::declare_parameter(const char [8])\x1b[m\x1b[K\xe2\x80\x99\n'}
[21.267793] (ydlidar_ros2_driver) StderrLine: {'line': b'  176 |     \x1b[01;31m\x1b[Knode->declare_parameter("m3_mode")\x1b[m\x1b[K;\n'}
[21.268704] (ydlidar_ros2_driver) StderrLine: {'line': b'      |     \x1b[01;31m\x1b[K~~~~~~~~~~~~~~~~~~~~~~~^~~~~~~~~~~\x1b[m\x1b[K\n'}
[21.269594] (ydlidar_ros2_driver) StderrLine: {'line': b'In file included from \x1b[01m\x1b[K/opt/ros/humble/include/rclcpp/rclcpp/executors/single_threaded_executor.hpp:28\x1b[m\x1b[K,\n'}
[21.270664] (ydlidar_ros2_driver) StderrLine: {'line': b'                 from \x1b[01m\x1b[K/opt/ros/humble/include/rclcpp/rclcpp/executors.hpp:22\x1b[m\x1b[K,\n'}
[21.272498] (ydlidar_ros2_driver) StderrLine: {'line': b'                 from \x1b[01m\x1b[K/opt/ros/humble/include/rclcpp/rclcpp/rclcpp.hpp:155\x1b[m\x1b[K,\n'}
[21.273245] (ydlidar_ros2_driver) StderrLine: {'line': b'                 from \x1b[01m\x1b[K/home/ubuntu/slam_project/agv2_ws/src/ydlidar_ros2_driver/src/ydlidar_ros2_driver_node.cpp:23\x1b[m\x1b[K:\n'}
[21.274168] (ydlidar_ros2_driver) StderrLine: {'line': b'\x1b[01m\x1b[K/opt/ros/humble/include/rclcpp/rclcpp/node.hpp:421:3:\x1b[m\x1b[K \x1b[01;36m\x1b[Knote: \x1b[m\x1b[Kcandidate: \xe2\x80\x98\x1b[01m\x1b[Ktemplate<class ParameterT> auto rclcpp::Node::declare_parameter(const string&, const ParameterT&, const ParameterDescriptor&, bool)\x1b[m\x1b[K\xe2\x80\x99\n'}
[21.275425] (ydlidar_ros2_driver) StderrLine: {'line': b'  421 |   \x1b[01;36m\x1b[Kdeclare_parameter\x1b[m\x1b[K(\n'}
[21.276503] (ydlidar_ros2_driver) StderrLine: {'line': b'      |   \x1b[01;36m\x1b[K^~~~~~~~~~~~~~~~~\x1b[m\x1b[K\n'}
[21.277419] (ydlidar_ros2_driver) StderrLine: {'line': b'\x1b[01m\x1b[K/opt/ros/humble/include/rclcpp/rclcpp/node.hpp:421:3:\x1b[m\x1b[K \x1b[01;36m\x1b[Knote: \x1b[m\x1b[K  template argument deduction/substitution failed:\n'}
[21.278399] (ydlidar_ros2_driver) StderrLine: {'line': b'\x1b[01m\x1b[K/home/ubuntu/slam_project/agv2_ws/src/ydlidar_ros2_driver/src/ydlidar_ros2_driver_node.cpp:176:28:\x1b[m\x1b[K \x1b[01;36m\x1b[Knote: \x1b[m\x1b[K  candidate expects 4 arguments, 1 provided\n'}
[21.279457] (ydlidar_ros2_driver) StderrLine: {'line': b'  176 |     \x1b[01;36m\x1b[Knode->declare_parameter("m3_mode")\x1b[m\x1b[K;\n'}
[21.280517] (-) TimerEvent: {}
[21.284664] (ydlidar_ros2_driver) StderrLine: {'line': b'      |     \x1b[01;36m\x1b[K~~~~~~~~~~~~~~~~~~~~~~~^~~~~~~~~~~\x1b[m\x1b[K\n'}
[21.285525] (ydlidar_ros2_driver) StderrLine: {'line': b'In file included from \x1b[01m\x1b[K/opt/ros/humble/include/rclcpp/rclcpp/executors/single_threaded_executor.hpp:28\x1b[m\x1b[K,\n'}
[21.286240] (ydlidar_ros2_driver) StderrLine: {'line': b'                 from \x1b[01m\x1b[K/opt/ros/humble/include/rclcpp/rclcpp/executors.hpp:22\x1b[m\x1b[K,\n'}
[21.287071] (ydlidar_ros2_driver) StderrLine: {'line': b'                 from \x1b[01m\x1b[K/opt/ros/humble/include/rclcpp/rclcpp/rclcpp.hpp:155\x1b[m\x1b[K,\n'}
[21.287766] (ydlidar_ros2_driver) StderrLine: {'line': b'                 from \x1b[01m\x1b[K/home/ubuntu/slam_project/agv2_ws/src/ydlidar_ros2_driver/src/ydlidar_ros2_driver_node.cpp:23\x1b[m\x1b[K:\n'}
[21.288445] (ydlidar_ros2_driver) StderrLine: {'line': b'\x1b[01m\x1b[K/opt/ros/humble/include/rclcpp/rclcpp/node.hpp:434:3:\x1b[m\x1b[K \x1b[01;36m\x1b[Knote: \x1b[m\x1b[Kcandidate: \xe2\x80\x98\x1b[01m\x1b[Ktemplate<class ParameterT> auto rclcpp::Node::declare_parameter(const string&, const ParameterDescriptor&, bool)\x1b[m\x1b[K\xe2\x80\x99\n'}
[21.289413] (ydlidar_ros2_driver) StderrLine: {'line': b'  434 |   \x1b[01;36m\x1b[Kdeclare_parameter\x1b[m\x1b[K(\n'}
[21.290138] (ydlidar_ros2_driver) StderrLine: {'line': b'      |   \x1b[01;36m\x1b[K^~~~~~~~~~~~~~~~~\x1b[m\x1b[K\n'}
[21.291046] (ydlidar_ros2_driver) StderrLine: {'line': b'\x1b[01m\x1b[K/opt/ros/humble/include/rclcpp/rclcpp/node.hpp:434:3:\x1b[m\x1b[K \x1b[01;36m\x1b[Knote: \x1b[m\x1b[K  template argument deduction/substitution failed:\n'}
[21.291840] (ydlidar_ros2_driver) StderrLine: {'line': b'\x1b[01m\x1b[K/home/ubuntu/slam_project/agv2_ws/src/ydlidar_ros2_driver/src/ydlidar_ros2_driver_node.cpp:176:28:\x1b[m\x1b[K \x1b[01;36m\x1b[Knote: \x1b[m\x1b[K  couldn\xe2\x80\x99t deduce template parameter \xe2\x80\x98\x1b[01m\x1b[KParameterT\x1b[m\x1b[K\xe2\x80\x99\n'}
[21.292721] (ydlidar_ros2_driver) StderrLine: {'line': b'  176 |     \x1b[01;36m\x1b[Knode->declare_parameter("m3_mode")\x1b[m\x1b[K;\n'}
[21.293491] (ydlidar_ros2_driver) StderrLine: {'line': b'      |     \x1b[01;36m\x1b[K~~~~~~~~~~~~~~~~~~~~~~~^~~~~~~~~~~\x1b[m\x1b[K\n'}
[21.294229] (ydlidar_ros2_driver) StderrLine: {'line': b'In file included from \x1b[01m\x1b[K/opt/ros/humble/include/rclcpp/rclcpp/executors/single_threaded_executor.hpp:28\x1b[m\x1b[K,\n'}
[21.295074] (ydlidar_ros2_driver) StderrLine: {'line': b'                 from \x1b[01m\x1b[K/opt/ros/humble/include/rclcpp/rclcpp/executors.hpp:22\x1b[m\x1b[K,\n'}
[21.295867] (ydlidar_ros2_driver) StderrLine: {'line': b'                 from \x1b[01m\x1b[K/opt/ros/humble/include/rclcpp/rclcpp/rclcpp.hpp:155\x1b[m\x1b[K,\n'}
[21.296587] (ydlidar_ros2_driver) StderrLine: {'line': b'                 from \x1b[01m\x1b[K/home/ubuntu/slam_project/agv2_ws/src/ydlidar_ros2_driver/src/ydlidar_ros2_driver_node.cpp:23\x1b[m\x1b[K:\n'}
[21.297429] (ydlidar_ros2_driver) StderrLine: {'line': b'\x1b[01m\x1b[K/opt/ros/humble/include/rclcpp/rclcpp/node.hpp:366:3:\x1b[m\x1b[K \x1b[01;36m\x1b[Knote: \x1b[m\x1b[Kcandidate: \xe2\x80\x98\x1b[01m\x1b[Kconst rclcpp::ParameterValue& rclcpp::Node::declare_parameter(const string&, const rclcpp::ParameterValue&, const ParameterDescriptor&, bool)\x1b[m\x1b[K\xe2\x80\x99\n'}
[21.298218] (ydlidar_ros2_driver) StderrLine: {'line': b'  366 |   \x1b[01;36m\x1b[Kdeclare_parameter\x1b[m\x1b[K(\n'}
[21.299059] (ydlidar_ros2_driver) StderrLine: {'line': b'      |   \x1b[01;36m\x1b[K^~~~~~~~~~~~~~~~~\x1b[m\x1b[K\n'}
[21.299835] (ydlidar_ros2_driver) StderrLine: {'line': b'\x1b[01m\x1b[K/opt/ros/humble/include/rclcpp/rclcpp/node.hpp:366:3:\x1b[m\x1b[K \x1b[01;36m\x1b[Knote: \x1b[m\x1b[K  candidate expects 4 arguments, 1 provided\n'}
[21.300612] (ydlidar_ros2_driver) StderrLine: {'line': b'\x1b[01m\x1b[K/opt/ros/humble/include/rclcpp/rclcpp/node.hpp:391:3:\x1b[m\x1b[K \x1b[01;36m\x1b[Knote: \x1b[m\x1b[Kcandidate: \xe2\x80\x98\x1b[01m\x1b[Kconst rclcpp::ParameterValue& rclcpp::Node::declare_parameter(const string&, rclcpp::ParameterType, const ParameterDescriptor&, bool)\x1b[m\x1b[K\xe2\x80\x99\n'}
[21.301536] (ydlidar_ros2_driver) StderrLine: {'line': b'  391 |   \x1b[01;36m\x1b[Kdeclare_parameter\x1b[m\x1b[K(\n'}
[21.302344] (ydlidar_ros2_driver) StderrLine: {'line': b'      |   \x1b[01;36m\x1b[K^~~~~~~~~~~~~~~~~\x1b[m\x1b[K\n'}
[21.303206] (ydlidar_ros2_driver) StderrLine: {'line': b'\x1b[01m\x1b[K/opt/ros/humble/include/rclcpp/rclcpp/node.hpp:391:3:\x1b[m\x1b[K \x1b[01;36m\x1b[Knote: \x1b[m\x1b[K  candidate expects 4 arguments, 1 provided\n'}
[21.304106] (ydlidar_ros2_driver) StderrLine: {'line': b'\x1b[01m\x1b[K/home/ubuntu/slam_project/agv2_ws/src/ydlidar_ros2_driver/src/ydlidar_ros2_driver_node.cpp:\x1b[m\x1b[K In lambda function:\n'}
[21.304857] (ydlidar_ros2_driver) StderrLine: {'line': b'\x1b[01m\x1b[K/home/ubuntu/slam_project/agv2_ws/src/ydlidar_ros2_driver/src/ydlidar_ros2_driver_node.cpp:190:54:\x1b[m\x1b[K \x1b[01;35m\x1b[Kwarning: \x1b[m\x1b[Kunused parameter \xe2\x80\x98\x1b[01m\x1b[Krequest_header\x1b[m\x1b[K\xe2\x80\x99 [\x1b[01;35m\x1b[K\x1b]8;;https://gcc.gnu.org/onlinedocs/gcc/Warning-Options.html#index-Wunused-parameter\x07-Wunused-parameter\x1b]8;;\x07\x1b[m\x1b[K]\n'}
[21.305634] (ydlidar_ros2_driver) StderrLine: {'line': b'  190 |     [&laser](\x1b[01;35m\x1b[Kconst std::shared_ptr<rmw_request_id_t> request_header\x1b[m\x1b[K,\n'}
[21.306385] (ydlidar_ros2_driver) StderrLine: {'line': b'      |              \x1b[01;35m\x1b[K~~~~~~~~~~~~~~~~~~~~~~~~~~~~~~~~~~~~~~~~^~~~~~~~~~~~~~\x1b[m\x1b[K\n'}
[21.307259] (ydlidar_ros2_driver) StderrLine: {'line': b'\x1b[01m\x1b[K/home/ubuntu/slam_project/agv2_ws/src/ydlidar_ros2_driver/src/ydlidar_ros2_driver_node.cpp:191:56:\x1b[m\x1b[K \x1b[01;35m\x1b[Kwarning: \x1b[m\x1b[Kunused parameter \xe2\x80\x98\x1b[01m\x1b[Kreq\x1b[m\x1b[K\xe2\x80\x99 [\x1b[01;35m\x1b[K\x1b]8;;https://gcc.gnu.org/onlinedocs/gcc/Warning-Options.html#index-Wunused-parameter\x07-Wunused-parameter\x1b]8;;\x07\x1b[m\x1b[K]\n'}
[21.308040] (ydlidar_ros2_driver) StderrLine: {'line': b'  191 |   \x1b[01;35m\x1b[Kconst std::shared_ptr<std_srvs::srv::Empty::Request> req\x1b[m\x1b[K,\n'}
[21.308783] (ydlidar_ros2_driver) StderrLine: {'line': b'      |   \x1b[01;35m\x1b[K~~~~~~~~~~~~~~~~~~~~~~~~~~~~~~~~~~~~~~~~~~~~~~~~~~~~~^~~\x1b[m\x1b[K\n'}
[21.310679] (ydlidar_ros2_driver) StderrLine: {'line': b'\x1b[01m\x1b[K/home/ubuntu/slam_project/agv2_ws/src/ydlidar_ros2_driver/src/ydlidar_ros2_driver_node.cpp:192:51:\x1b[m\x1b[K \x1b[01;35m\x1b[Kwarning: \x1b[m\x1b[Kunused parameter \xe2\x80\x98\x1b[01m\x1b[Kresponse\x1b[m\x1b[K\xe2\x80\x99 [\x1b[01;35m\x1b[K\x1b]8;;https://gcc.gnu.org/onlinedocs/gcc/Warning-Options.html#index-Wunused-parameter\x07-Wunused-parameter\x1b]8;;\x07\x1b[m\x1b[K]\n'}
[21.311568] (ydlidar_ros2_driver) StderrLine: {'line': b'  192 |   \x1b[01;35m\x1b[Kstd::shared_ptr<std_srvs::srv::Empty::Response> response\x1b[m\x1b[K) -> bool\n'}
[21.312415] (ydlidar_ros2_driver) StderrLine: {'line': b'      |   \x1b[01;35m\x1b[K~~~~~~~~~~~~~~~~~~~~~~~~~~~~~~~~~~~~~~~~~~~~~~~~^~~~~~~~\x1b[m\x1b[K\n'}
[21.313175] (ydlidar_ros2_driver) StderrLine: {'line': b'\x1b[01m\x1b[K/home/ubuntu/slam_project/agv2_ws/src/ydlidar_ros2_driver/src/ydlidar_ros2_driver_node.cpp:\x1b[m\x1b[K In lambda function:\n'}
[21.313945] (ydlidar_ros2_driver) StderrLine: {'line': b'\x1b[01m\x1b[K/home/ubuntu/slam_project/agv2_ws/src/ydlidar_ros2_driver/src/ydlidar_ros2_driver_node.cpp:200:54:\x1b[m\x1b[K \x1b[01;35m\x1b[Kwarning: \x1b[m\x1b[Kunused parameter \xe2\x80\x98\x1b[01m\x1b[Krequest_header\x1b[m\x1b[K\xe2\x80\x99 [\x1b[01;35m\x1b[K\x1b]8;;https://gcc.gnu.org/onlinedocs/gcc/Warning-Options.html#index-Wunused-parameter\x07-Wunused-parameter\x1b]8;;\x07\x1b[m\x1b[K]\n'}
[21.314858] (ydlidar_ros2_driver) StderrLine: {'line': b'  200 |     [&laser](\x1b[01;35m\x1b[Kconst std::shared_ptr<rmw_request_id_t> request_header\x1b[m\x1b[K,\n'}
[21.315645] (ydlidar_ros2_driver) StderrLine: {'line': b'      |              \x1b[01;35m\x1b[K~~~~~~~~~~~~~~~~~~~~~~~~~~~~~~~~~~~~~~~~^~~~~~~~~~~~~~\x1b[m\x1b[K\n'}
[21.316448] (ydlidar_ros2_driver) StderrLine: {'line': b'\x1b[01m\x1b[K/home/ubuntu/slam_project/agv2_ws/src/ydlidar_ros2_driver/src/ydlidar_ros2_driver_node.cpp:201:56:\x1b[m\x1b[K \x1b[01;35m\x1b[Kwarning: \x1b[m\x1b[Kunused parameter \xe2\x80\x98\x1b[01m\x1b[Kreq\x1b[m\x1b[K\xe2\x80\x99 [\x1b[01;35m\x1b[K\x1b]8;;https://gcc.gnu.org/onlinedocs/gcc/Warning-Options.html#index-Wunused-parameter\x07-Wunused-parameter\x1b]8;;\x07\x1b[m\x1b[K]\n'}
[21.317229] (ydlidar_ros2_driver) StderrLine: {'line': b'  201 |   \x1b[01;35m\x1b[Kconst std::shared_ptr<std_srvs::srv::Empty::Request> req\x1b[m\x1b[K,\n'}
[21.318010] (ydlidar_ros2_driver) StderrLine: {'line': b'      |   \x1b[01;35m\x1b[K~~~~~~~~~~~~~~~~~~~~~~~~~~~~~~~~~~~~~~~~~~~~~~~~~~~~~^~~\x1b[m\x1b[K\n'}
[21.318815] (ydlidar_ros2_driver) StderrLine: {'line': b'\x1b[01m\x1b[K/home/ubuntu/slam_project/agv2_ws/src/ydlidar_ros2_driver/src/ydlidar_ros2_driver_node.cpp:202:51:\x1b[m\x1b[K \x1b[01;35m\x1b[Kwarning: \x1b[m\x1b[Kunused parameter \xe2\x80\x98\x1b[01m\x1b[Kresponse\x1b[m\x1b[K\xe2\x80\x99 [\x1b[01;35m\x1b[K\x1b]8;;https://gcc.gnu.org/onlinedocs/gcc/Warning-Options.html#index-Wunused-parameter\x07-Wunused-parameter\x1b]8;;\x07\x1b[m\x1b[K]\n'}
[21.319606] (ydlidar_ros2_driver) StderrLine: {'line': b'  202 |   \x1b[01;35m\x1b[Kstd::shared_ptr<std_srvs::srv::Empty::Response> response\x1b[m\x1b[K) -> bool\n'}
[21.320360] (ydlidar_ros2_driver) StderrLine: {'line': b'      |   \x1b[01;35m\x1b[K~~~~~~~~~~~~~~~~~~~~~~~~~~~~~~~~~~~~~~~~~~~~~~~~^~~~~~~~\x1b[m\x1b[K\n'}
[21.321088] (ydlidar_ros2_driver) StderrLine: {'line': b'\x1b[01m\x1b[K/home/ubuntu/slam_project/agv2_ws/src/ydlidar_ros2_driver/src/ydlidar_ros2_driver_node.cpp:\x1b[m\x1b[K In function \xe2\x80\x98\x1b[01m\x1b[Kint main(int, char**)\x1b[m\x1b[K\xe2\x80\x99:\n'}
[21.321886] (ydlidar_ros2_driver) StderrLine: {'line': b'\x1b[01m\x1b[K/home/ubuntu/slam_project/agv2_ws/src/ydlidar_ros2_driver/src/ydlidar_ros2_driver_node.cpp:235:21:\x1b[m\x1b[K \x1b[01;35m\x1b[Kwarning: \x1b[m\x1b[Kunused variable \xe2\x80\x98\x1b[01m\x1b[Kp\x1b[m\x1b[K\xe2\x80\x99 [\x1b[01;35m\x1b[K\x1b]8;;https://gcc.gnu.org/onlinedocs/gcc/Warning-Options.html#index-Wunused-variable\x07-Wunused-variable\x1b]8;;\x07\x1b[m\x1b[K]\n'}
[21.322782] (ydlidar_ros2_driver) StderrLine: {'line': b'  235 |         const auto& \x1b[01;35m\x1b[Kp\x1b[m\x1b[K = scan.points.at(i);\n'}
[21.323562] (ydlidar_ros2_driver) StderrLine: {'line': b'      |                     \x1b[01;35m\x1b[K^\x1b[m\x1b[K\n'}
[21.380783] (-) TimerEvent: {}
[21.481909] (-) TimerEvent: {}
[21.583194] (-) TimerEvent: {}
[21.684501] (-) TimerEvent: {}
[21.785686] (-) TimerEvent: {}
[21.888276] (-) TimerEvent: {}
[21.990255] (-) TimerEvent: {}
[22.091919] (-) TimerEvent: {}
[22.193894] (-) TimerEvent: {}
[22.295768] (-) TimerEvent: {}
[22.399533] (-) TimerEvent: {}
[22.500526] (-) TimerEvent: {}
[22.601715] (-) TimerEvent: {}
[22.702858] (-) TimerEvent: {}
[22.803990] (-) TimerEvent: {}
[22.905249] (-) TimerEvent: {}
[23.006836] (-) TimerEvent: {}
[23.108186] (-) TimerEvent: {}
[23.209398] (-) TimerEvent: {}
[23.310725] (-) TimerEvent: {}
[23.412103] (-) TimerEvent: {}
[23.513388] (-) TimerEvent: {}
[23.614669] (-) TimerEvent: {}
[23.715707] (-) TimerEvent: {}
[23.816729] (-) TimerEvent: {}
[23.917636] (-) TimerEvent: {}
[24.018600] (-) TimerEvent: {}
[24.119606] (-) TimerEvent: {}
[24.220804] (-) TimerEvent: {}
[24.322062] (-) TimerEvent: {}
[24.423427] (-) TimerEvent: {}
[24.524528] (-) TimerEvent: {}
[24.626685] (-) TimerEvent: {}
[24.728845] (-) TimerEvent: {}
[24.829916] (-) TimerEvent: {}
[24.931391] (-) TimerEvent: {}
[25.032635] (-) TimerEvent: {}
[25.133414] (-) TimerEvent: {}
[25.234184] (-) TimerEvent: {}
[25.342699] (-) TimerEvent: {}
[25.443532] (-) TimerEvent: {}
[25.544664] (-) TimerEvent: {}
[25.645933] (-) TimerEvent: {}
[25.747062] (-) TimerEvent: {}
[25.848104] (-) TimerEvent: {}
[25.949165] (-) TimerEvent: {}
[26.050201] (-) TimerEvent: {}
[26.151262] (-) TimerEvent: {}
[26.252237] (-) TimerEvent: {}
[26.353372] (-) TimerEvent: {}
[26.454442] (-) TimerEvent: {}
[26.555759] (-) TimerEvent: {}
[26.656934] (-) TimerEvent: {}
[26.758165] (-) TimerEvent: {}
[26.859431] (-) TimerEvent: {}
[26.960618] (-) TimerEvent: {}
[27.062714] (-) TimerEvent: {}
[27.164771] (-) TimerEvent: {}
[27.266600] (-) TimerEvent: {}
[27.368351] (-) TimerEvent: {}
[27.552065] (-) TimerEvent: {}
[27.654357] (-) TimerEvent: {}
[27.756133] (-) TimerEvent: {}
[27.859426] (-) TimerEvent: {}
[27.960528] (-) TimerEvent: {}
[28.064773] (-) TimerEvent: {}
[28.165717] (-) TimerEvent: {}
[28.266584] (-) TimerEvent: {}
[28.367302] (-) TimerEvent: {}
[28.468175] (-) TimerEvent: {}
[28.569091] (-) TimerEvent: {}
[28.671298] (-) TimerEvent: {}
[28.772114] (-) TimerEvent: {}
[28.873044] (-) TimerEvent: {}
[28.974133] (-) TimerEvent: {}
[29.075240] (-) TimerEvent: {}
[29.176264] (-) TimerEvent: {}
[29.277282] (-) TimerEvent: {}
[29.378208] (-) TimerEvent: {}
[29.479447] (-) TimerEvent: {}
[29.580415] (-) TimerEvent: {}
[29.681322] (-) TimerEvent: {}
[29.782229] (-) TimerEvent: {}
[29.883280] (-) TimerEvent: {}
[29.984409] (-) TimerEvent: {}
[30.085427] (-) TimerEvent: {}
[30.186452] (-) TimerEvent: {}
[30.287306] (-) TimerEvent: {}
[30.388395] (-) TimerEvent: {}
[30.489447] (-) TimerEvent: {}
[30.590465] (-) TimerEvent: {}
[30.691548] (-) TimerEvent: {}
[30.792640] (-) TimerEvent: {}
[30.893694] (-) TimerEvent: {}
[30.994713] (-) TimerEvent: {}
[31.095732] (-) TimerEvent: {}
[31.196761] (-) TimerEvent: {}
[31.298942] (-) TimerEvent: {}
[31.399821] (-) TimerEvent: {}
[31.500945] (-) TimerEvent: {}
[31.603297] (-) TimerEvent: {}
[31.704996] (-) TimerEvent: {}
[31.806739] (-) TimerEvent: {}
[31.907610] (-) TimerEvent: {}
[32.008680] (-) TimerEvent: {}
[32.109739] (-) TimerEvent: {}
[32.210802] (-) TimerEvent: {}
[32.311805] (-) TimerEvent: {}
[32.412741] (-) TimerEvent: {}
[32.513862] (-) TimerEvent: {}
[32.614675] (-) TimerEvent: {}
[32.715705] (-) TimerEvent: {}
[32.816718] (-) TimerEvent: {}
[32.917752] (-) TimerEvent: {}
[33.018732] (-) TimerEvent: {}
[33.119735] (-) TimerEvent: {}
[33.220733] (-) TimerEvent: {}
[33.321695] (-) TimerEvent: {}
[33.422668] (-) TimerEvent: {}
[33.523688] (-) TimerEvent: {}
[33.625975] (-) TimerEvent: {}
[33.728259] (-) TimerEvent: {}
[33.829223] (-) TimerEvent: {}
[33.930172] (-) TimerEvent: {}
[34.032223] (-) TimerEvent: {}
[34.134391] (-) TimerEvent: {}
[34.222208] (ydlidar_ros2_driver) StderrLine: {'line': b'gmake[2]: *** [CMakeFiles/ydlidar_ros2_driver_node.dir/build.make:76: CMakeFiles/ydlidar_ros2_driver_node.dir/src/ydlidar_ros2_driver_node.cpp.o] Error 1\n'}
[34.267892] (-) TimerEvent: {}
[34.269018] (ydlidar_ros2_driver) StderrLine: {'line': b'gmake[1]: *** [CMakeFiles/Makefile2:139: CMakeFiles/ydlidar_ros2_driver_node.dir/all] Error 2\n'}
[34.270151] (ydlidar_ros2_driver) StderrLine: {'line': b'gmake[1]: *** Waiting for unfinished jobs....\n'}
[34.368154] (-) TimerEvent: {}
[34.469414] (-) TimerEvent: {}
[34.570738] (-) TimerEvent: {}
[34.672173] (-) TimerEvent: {}
[34.773520] (-) TimerEvent: {}
[34.875179] (-) TimerEvent: {}
[34.976062] (-) TimerEvent: {}
[35.077263] (-) TimerEvent: {}
[35.178130] (-) TimerEvent: {}
[35.279093] (-) TimerEvent: {}
[35.380630] (-) TimerEvent: {}
[35.482060] (-) TimerEvent: {}
[35.583108] (-) TimerEvent: {}
[35.684090] (-) TimerEvent: {}
[35.785017] (-) TimerEvent: {}
[35.886042] (-) TimerEvent: {}
[35.987459] (-) TimerEvent: {}
[36.088528] (-) TimerEvent: {}
[36.189875] (-) TimerEvent: {}
[36.290819] (-) TimerEvent: {}
[36.391684] (-) TimerEvent: {}
[36.492540] (-) TimerEvent: {}
[36.593700] (-) TimerEvent: {}
[36.694729] (-) TimerEvent: {}
[36.797068] (-) TimerEvent: {}
[36.898304] (-) TimerEvent: {}
[36.999477] (-) TimerEvent: {}
[37.100852] (-) TimerEvent: {}
[37.201850] (-) TimerEvent: {}
[37.303187] (-) TimerEvent: {}
[37.404121] (-) TimerEvent: {}
[37.505056] (-) TimerEvent: {}
[37.611788] (-) TimerEvent: {}
[37.720086] (-) TimerEvent: {}
[37.820957] (-) TimerEvent: {}
[37.921834] (-) TimerEvent: {}
[38.022668] (-) TimerEvent: {}
[38.123693] (-) TimerEvent: {}
[38.224427] (-) TimerEvent: {}
[38.325312] (-) TimerEvent: {}
[38.426591] (-) TimerEvent: {}
[38.528861] (-) TimerEvent: {}
[38.631957] (-) TimerEvent: {}
[38.734256] (-) TimerEvent: {}
[38.835215] (-) TimerEvent: {}
[38.936146] (-) TimerEvent: {}
[39.037128] (-) TimerEvent: {}
[39.138161] (-) TimerEvent: {}
[39.239630] (-) TimerEvent: {}
[39.340897] (-) TimerEvent: {}
[39.442451] (-) TimerEvent: {}
[39.544065] (-) TimerEvent: {}
[39.645449] (-) TimerEvent: {}
[39.746895] (-) TimerEvent: {}
[39.848229] (-) TimerEvent: {}
[39.949290] (-) TimerEvent: {}
[40.050898] (-) TimerEvent: {}
[40.152023] (-) TimerEvent: {}
[40.253401] (-) TimerEvent: {}
[40.354658] (-) TimerEvent: {}
[40.456205] (-) TimerEvent: {}
[40.559207] (-) TimerEvent: {}
[40.661726] (-) TimerEvent: {}
[40.764559] (-) TimerEvent: {}
[40.865715] (-) TimerEvent: {}
[40.966835] (-) TimerEvent: {}
[41.069334] (-) TimerEvent: {}
[41.170417] (-) TimerEvent: {}
[41.272968] (-) TimerEvent: {}
[41.375631] (-) TimerEvent: {}
[41.478354] (-) TimerEvent: {}
[41.582002] (-) TimerEvent: {}
[41.684566] (-) TimerEvent: {}
[41.787388] (-) TimerEvent: {}
[41.890060] (-) TimerEvent: {}
[41.992506] (-) TimerEvent: {}
[42.095351] (-) TimerEvent: {}
[42.197904] (-) TimerEvent: {}
[42.300557] (-) TimerEvent: {}
[42.402894] (-) TimerEvent: {}
[42.505519] (-) TimerEvent: {}
[42.612557] (-) TimerEvent: {}
[42.714351] (-) TimerEvent: {}
[42.818446] (-) TimerEvent: {}
[42.919452] (-) TimerEvent: {}
[43.020428] (-) TimerEvent: {}
[43.122721] (-) TimerEvent: {}
[43.223759] (-) TimerEvent: {}
[43.325685] (-) TimerEvent: {}
[43.428374] (-) TimerEvent: {}
[43.530877] (-) TimerEvent: {}
[43.633175] (-) TimerEvent: {}
[43.735925] (-) TimerEvent: {}
[43.839525] (-) TimerEvent: {}
[43.942289] (-) TimerEvent: {}
[44.044947] (-) TimerEvent: {}
[44.147097] (-) TimerEvent: {}
[44.249520] (-) TimerEvent: {}
[44.350623] (-) TimerEvent: {}
[44.453396] (-) TimerEvent: {}
[44.556298] (-) TimerEvent: {}
[44.659141] (-) TimerEvent: {}
[44.760926] (-) TimerEvent: {}
[44.861951] (-) TimerEvent: {}
[44.963065] (-) TimerEvent: {}
[45.064072] (-) TimerEvent: {}
[45.165194] (-) TimerEvent: {}
[45.266541] (-) TimerEvent: {}
[45.367353] (-) TimerEvent: {}
[45.468261] (-) TimerEvent: {}
[45.569386] (-) TimerEvent: {}
[45.670724] (-) TimerEvent: {}
[45.771733] (-) TimerEvent: {}
[45.872626] (-) TimerEvent: {}
[45.973426] (-) TimerEvent: {}
[46.074665] (-) TimerEvent: {}
[46.176068] (-) TimerEvent: {}
[46.276878] (-) TimerEvent: {}
[46.377688] (-) TimerEvent: {}
[46.478789] (-) TimerEvent: {}
[46.580637] (-) TimerEvent: {}
[46.681913] (-) TimerEvent: {}
[46.783196] (-) TimerEvent: {}
[46.884272] (-) TimerEvent: {}
[46.985298] (-) TimerEvent: {}
[47.086341] (-) TimerEvent: {}
[47.187410] (-) TimerEvent: {}
[47.288436] (-) TimerEvent: {}
[47.389474] (-) TimerEvent: {}
[47.490482] (-) TimerEvent: {}
[47.591555] (-) TimerEvent: {}
[47.692760] (-) TimerEvent: {}
[47.793611] (-) TimerEvent: {}
[47.894660] (-) TimerEvent: {}
[47.995443] (-) TimerEvent: {}
[48.096312] (-) TimerEvent: {}
[48.197521] (-) TimerEvent: {}
[48.298361] (-) TimerEvent: {}
[48.399393] (-) TimerEvent: {}
[48.500429] (-) TimerEvent: {}
[48.601473] (-) TimerEvent: {}
[48.702608] (-) TimerEvent: {}
[48.803690] (-) TimerEvent: {}
[48.904738] (-) TimerEvent: {}
[49.005675] (-) TimerEvent: {}
[49.106776] (-) TimerEvent: {}
[49.207870] (-) TimerEvent: {}
[49.308824] (-) TimerEvent: {}
[49.409963] (-) TimerEvent: {}
[49.510870] (-) TimerEvent: {}
[49.611892] (-) TimerEvent: {}
[49.712755] (-) TimerEvent: {}
[49.813683] (-) TimerEvent: {}
[49.914653] (-) TimerEvent: {}
[50.015586] (-) TimerEvent: {}
[50.116545] (-) TimerEvent: {}
[50.217454] (-) TimerEvent: {}
[50.318446] (-) TimerEvent: {}
[50.419433] (-) TimerEvent: {}
[50.520356] (-) TimerEvent: {}
[50.621295] (-) TimerEvent: {}
[50.722168] (-) TimerEvent: {}
[50.823055] (-) TimerEvent: {}
[50.923911] (-) TimerEvent: {}
[51.024837] (-) TimerEvent: {}
[51.125804] (-) TimerEvent: {}
[51.226704] (-) TimerEvent: {}
[51.327614] (-) TimerEvent: {}
[51.428522] (-) TimerEvent: {}
[51.529367] (-) TimerEvent: {}
[51.630274] (-) TimerEvent: {}
[51.731199] (-) TimerEvent: {}
[51.832164] (-) TimerEvent: {}
[51.933077] (-) TimerEvent: {}
[52.033977] (-) TimerEvent: {}
[52.134871] (-) TimerEvent: {}
[52.235712] (-) TimerEvent: {}
[52.336828] (-) TimerEvent: {}
[52.437657] (-) TimerEvent: {}
[52.538549] (-) TimerEvent: {}
[52.639579] (-) TimerEvent: {}
[52.740496] (-) TimerEvent: {}
[52.841367] (-) TimerEvent: {}
[52.942268] (-) TimerEvent: {}
[53.043973] (-) TimerEvent: {}
[53.145659] (-) TimerEvent: {}
[53.247177] (-) TimerEvent: {}
[53.348778] (-) TimerEvent: {}
[53.450520] (-) TimerEvent: {}
[53.552356] (-) TimerEvent: {}
[53.654065] (-) TimerEvent: {}
[53.755789] (-) TimerEvent: {}
[53.857496] (-) TimerEvent: {}
[53.959158] (-) TimerEvent: {}
[54.060645] (-) TimerEvent: {}
[54.162321] (-) TimerEvent: {}
[54.263793] (-) TimerEvent: {}
[54.365168] (-) TimerEvent: {}
[54.466763] (-) TimerEvent: {}
[54.567589] (-) TimerEvent: {}
[54.668439] (-) TimerEvent: {}
[54.769381] (-) TimerEvent: {}
[54.871170] (-) TimerEvent: {}
[54.972064] (-) TimerEvent: {}
[55.073033] (-) TimerEvent: {}
[55.173944] (-) TimerEvent: {}
[55.274851] (-) TimerEvent: {}
[55.375821] (-) TimerEvent: {}
[55.476804] (-) TimerEvent: {}
[55.577650] (-) TimerEvent: {}
[55.678464] (-) TimerEvent: {}
[55.779786] (-) TimerEvent: {}
[55.880748] (-) TimerEvent: {}
[55.981684] (-) TimerEvent: {}
[56.082490] (-) TimerEvent: {}
[56.183471] (-) TimerEvent: {}
[56.284426] (-) TimerEvent: {}
[56.385493] (-) TimerEvent: {}
[56.486400] (-) TimerEvent: {}
[56.587475] (-) TimerEvent: {}
[56.688464] (-) TimerEvent: {}
[56.789389] (-) TimerEvent: {}
[56.890334] (-) TimerEvent: {}
[56.991249] (-) TimerEvent: {}
[57.092085] (-) TimerEvent: {}
[57.193340] (-) TimerEvent: {}
[57.294206] (-) TimerEvent: {}
[57.395080] (-) TimerEvent: {}
[57.495947] (-) TimerEvent: {}
[57.596792] (-) TimerEvent: {}
[57.699333] (-) TimerEvent: {}
[57.800192] (-) TimerEvent: {}
[57.901030] (-) TimerEvent: {}
[58.002050] (-) TimerEvent: {}
[58.103708] (-) TimerEvent: {}
[58.205335] (-) TimerEvent: {}
[58.306287] (-) TimerEvent: {}
[58.407329] (-) TimerEvent: {}
[58.508212] (-) TimerEvent: {}
[58.609041] (-) TimerEvent: {}
[58.710048] (-) TimerEvent: {}
[58.810952] (-) TimerEvent: {}
[58.911907] (-) TimerEvent: {}
[59.015298] (-) TimerEvent: {}
[59.116466] (-) TimerEvent: {}
[59.217923] (-) TimerEvent: {}
[59.319585] (-) TimerEvent: {}
[59.420735] (-) TimerEvent: {}
[59.521751] (-) TimerEvent: {}
[59.622821] (-) TimerEvent: {}
[59.723748] (-) TimerEvent: {}
[59.824736] (-) TimerEvent: {}
[59.925665] (-) TimerEvent: {}
[60.026686] (-) TimerEvent: {}
[60.127686] (-) TimerEvent: {}
[60.228744] (-) TimerEvent: {}
[60.329669] (-) TimerEvent: {}
[60.430667] (-) TimerEvent: {}
[60.531630] (-) TimerEvent: {}
[60.632602] (-) TimerEvent: {}
[60.733586] (-) TimerEvent: {}
[60.834553] (-) TimerEvent: {}
[60.935535] (-) TimerEvent: {}
[61.036451] (-) TimerEvent: {}
[61.137264] (-) TimerEvent: {}
[61.238137] (-) TimerEvent: {}
[61.339046] (-) TimerEvent: {}
[61.439926] (-) TimerEvent: {}
[61.540900] (-) TimerEvent: {}
[61.641750] (-) TimerEvent: {}
[61.742661] (-) TimerEvent: {}
[61.843700] (-) TimerEvent: {}
[61.944685] (-) TimerEvent: {}
[62.045670] (-) TimerEvent: {}
[62.146783] (-) TimerEvent: {}
[62.247675] (-) TimerEvent: {}
[62.348418] (-) TimerEvent: {}
[62.449158] (-) TimerEvent: {}
[62.549915] (-) TimerEvent: {}
[62.650785] (-) TimerEvent: {}
[62.902092] (-) TimerEvent: {}
[63.003194] (-) TimerEvent: {}
[63.103999] (-) TimerEvent: {}
[63.204865] (-) TimerEvent: {}
[63.305754] (-) TimerEvent: {}
[63.406623] (-) TimerEvent: {}
[63.507484] (-) TimerEvent: {}
[63.608370] (-) TimerEvent: {}
[63.709291] (-) TimerEvent: {}
[63.810221] (-) TimerEvent: {}
[63.911190] (-) TimerEvent: {}
[64.012070] (-) TimerEvent: {}
[64.112953] (-) TimerEvent: {}
[64.213854] (-) TimerEvent: {}
[64.314880] (-) TimerEvent: {}
[64.415737] (-) TimerEvent: {}
[64.516693] (-) TimerEvent: {}
[64.617998] (-) TimerEvent: {}
[64.718856] (-) TimerEvent: {}
[64.819670] (-) TimerEvent: {}
[64.920640] (-) TimerEvent: {}
[65.021983] (-) TimerEvent: {}
[65.123800] (-) TimerEvent: {}
[65.224866] (-) TimerEvent: {}
[65.326366] (-) TimerEvent: {}
[65.427517] (-) TimerEvent: {}
[65.528865] (-) TimerEvent: {}
[65.630243] (-) TimerEvent: {}
[65.732163] (-) TimerEvent: {}
[65.833148] (-) TimerEvent: {}
[65.934285] (-) TimerEvent: {}
[66.035144] (-) TimerEvent: {}
[66.135904] (-) TimerEvent: {}
[66.236820] (-) TimerEvent: {}
[66.358698] (-) TimerEvent: {}
[66.387914] (ydlidar_ros2_driver) StdoutLine: {'line': b'[ 75%] \x1b[32m\x1b[1mLinking CXX executable ydlidar_ros2_driver_client\x1b[0m\n'}
[66.458906] (-) TimerEvent: {}
[66.559715] (-) TimerEvent: {}
[66.660520] (-) TimerEvent: {}
[66.761530] (-) TimerEvent: {}
[66.862761] (-) TimerEvent: {}
[66.963824] (-) TimerEvent: {}
[67.065434] (-) TimerEvent: {}
[67.167009] (-) TimerEvent: {}
[67.267861] (-) TimerEvent: {}
[67.368719] (-) TimerEvent: {}
[67.470393] (-) TimerEvent: {}
[67.571442] (-) TimerEvent: {}
[67.672972] (-) TimerEvent: {}
[67.774092] (-) TimerEvent: {}
[67.875389] (-) TimerEvent: {}
[67.976632] (-) TimerEvent: {}
[68.077656] (-) TimerEvent: {}
[68.178683] (-) TimerEvent: {}
[68.279593] (-) TimerEvent: {}
[68.380438] (-) TimerEvent: {}
[68.481915] (-) TimerEvent: {}
[68.582749] (-) TimerEvent: {}
[68.683561] (-) TimerEvent: {}
[68.784575] (-) TimerEvent: {}
[68.885322] (-) TimerEvent: {}
[68.986283] (-) TimerEvent: {}
[69.014820] (ydlidar_ros2_driver) StdoutLine: {'line': b'[ 75%] Built target ydlidar_ros2_driver_client\n'}
[69.056527] (ydlidar_ros2_driver) StderrLine: {'line': b'gmake: *** [Makefile:146: all] Error 2\n'}
[69.086448] (-) TimerEvent: {}
[69.187363] (-) TimerEvent: {}
[69.291613] (-) TimerEvent: {}
[69.335525] (ydlidar_ros2_driver) CommandEnded: {'returncode': 2}
[69.413299] (-) TimerEvent: {}
[69.529709] (-) TimerEvent: {}
[69.658420] (-) TimerEvent: {}
[69.751570] (ydlidar_ros2_driver) JobEnded: {'identifier': 'ydlidar_ros2_driver', 'rc': 2}
[69.801864] (-) TimerEvent: {}
[69.902692] (-) TimerEvent: {}
[70.003426] (-) TimerEvent: {}
[70.104181] (-) TimerEvent: {}
[70.204931] (-) TimerEvent: {}
[70.305667] (-) TimerEvent: {}
[70.406420] (-) TimerEvent: {}
[70.507187] (-) TimerEvent: {}
[70.607892] (-) TimerEvent: {}
[70.708610] (-) TimerEvent: {}
[70.809312] (-) TimerEvent: {}
[70.910046] (-) TimerEvent: {}
[71.010811] (-) TimerEvent: {}
[71.111532] (-) TimerEvent: {}
[71.212245] (-) TimerEvent: {}
[71.313000] (-) TimerEvent: {}
[71.413708] (-) TimerEvent: {}
[71.514438] (-) TimerEvent: {}
[71.615200] (-) TimerEvent: {}
[71.715918] (-) TimerEvent: {}
[71.816629] (-) TimerEvent: {}
[71.917351] (-) TimerEvent: {}
[72.018086] (-) TimerEvent: {}
[72.118870] (-) TimerEvent: {}
[72.219590] (-) TimerEvent: {}
[72.320306] (-) TimerEvent: {}
[72.421025] (-) TimerEvent: {}
[72.521719] (-) TimerEvent: {}
[72.622426] (-) TimerEvent: {}
[72.723209] (-) TimerEvent: {}
[72.823939] (-) TimerEvent: {}
[72.924706] (-) TimerEvent: {}
[73.025404] (-) TimerEvent: {}
[73.126152] (-) TimerEvent: {}
[73.226905] (-) TimerEvent: {}
[73.327630] (-) TimerEvent: {}
[73.428341] (-) TimerEvent: {}
[73.529099] (-) TimerEvent: {}
[73.629832] (-) TimerEvent: {}
[73.730565] (-) TimerEvent: {}
[73.831251] (-) TimerEvent: {}
[73.931962] (-) TimerEvent: {}
[74.032697] (-) TimerEvent: {}
[74.133385] (-) TimerEvent: {}
[74.234117] (-) TimerEvent: {}
[74.334901] (-) TimerEvent: {}
[74.435625] (-) TimerEvent: {}
[74.536368] (-) TimerEvent: {}
[74.637090] (-) TimerEvent: {}
[74.737780] (-) TimerEvent: {}
[74.838598] (-) TimerEvent: {}
[74.939593] (-) TimerEvent: {}
[75.040622] (-) TimerEvent: {}
[75.141624] (-) TimerEvent: {}
[75.242569] (-) TimerEvent: {}
[75.343473] (-) TimerEvent: {}
[75.444411] (-) TimerEvent: {}
[75.545282] (-) TimerEvent: {}
[75.646086] (-) TimerEvent: {}
[75.747038] (-) TimerEvent: {}
[75.847800] (-) TimerEvent: {}
[75.948572] (-) TimerEvent: {}
[76.049322] (-) TimerEvent: {}
[76.150074] (-) TimerEvent: {}
[76.250872] (-) TimerEvent: {}
[76.351623] (-) TimerEvent: {}
[76.452409] (-) TimerEvent: {}
[76.553170] (-) TimerEvent: {}
[76.653925] (-) TimerEvent: {}
[76.754692] (-) TimerEvent: {}
[76.855459] (-) TimerEvent: {}
[76.956212] (-) TimerEvent: {}
[77.056929] (-) TimerEvent: {}
[77.157704] (-) TimerEvent: {}
[77.258470] (-) TimerEvent: {}
[77.359242] (-) TimerEvent: {}
[77.460010] (-) TimerEvent: {}
[77.560768] (-) TimerEvent: {}
[77.661501] (-) TimerEvent: {}
[77.762433] (-) TimerEvent: {}
[77.863215] (-) TimerEvent: {}
[77.963959] (-) TimerEvent: {}
[78.064732] (-) TimerEvent: {}
[78.165725] (-) TimerEvent: {}
[78.267528] (-) TimerEvent: {}
[78.368466] (-) TimerEvent: {}
[78.469335] (-) TimerEvent: {}
[78.570732] (-) TimerEvent: {}
[78.671655] (-) TimerEvent: {}
[78.772501] (-) TimerEvent: {}
[78.873339] (-) TimerEvent: {}
[78.974357] (-) TimerEvent: {}
[79.075482] (-) TimerEvent: {}
[79.087127] (myagv_odometry) StdoutLine: {'line': b'[100%] \x1b[32m\x1b[1mLinking CXX executable myagv_odometry_node\x1b[0m\n'}
[79.175681] (-) TimerEvent: {}
[79.276465] (-) TimerEvent: {}
[79.377324] (-) TimerEvent: {}
[79.478471] (-) TimerEvent: {}
[79.579807] (-) TimerEvent: {}
[79.680937] (-) TimerEvent: {}
[79.781981] (-) TimerEvent: {}
[79.883656] (-) TimerEvent: {}
[79.985102] (-) TimerEvent: {}
[80.086359] (-) TimerEvent: {}
[80.187365] (-) TimerEvent: {}
[80.288337] (-) TimerEvent: {}
[80.389328] (-) TimerEvent: {}
[80.490364] (-) TimerEvent: {}
[80.591883] (-) TimerEvent: {}
[80.693212] (-) TimerEvent: {}
[80.794098] (-) TimerEvent: {}
[80.895119] (-) TimerEvent: {}
[80.995963] (-) TimerEvent: {}
[81.096594] (-) TimerEvent: {}
[81.197269] (-) TimerEvent: {}
[81.297928] (-) TimerEvent: {}
[81.398593] (-) TimerEvent: {}
[81.499292] (-) TimerEvent: {}
[81.600003] (-) TimerEvent: {}
[81.700846] (-) TimerEvent: {}
[81.801643] (-) TimerEvent: {}
[81.902289] (-) TimerEvent: {}
[82.003111] (-) TimerEvent: {}
[82.015429] (myagv_odometry) StdoutLine: {'line': b'[100%] Built target myagv_odometry_node\n'}
[82.103320] (-) TimerEvent: {}
[82.194526] (myagv_odometry) JobEnded: {'identifier': 'myagv_odometry', 'rc': 'SIGINT'}
[82.203462] (-) TimerEvent: {}
[82.262767] (-) EventReactorShutdown: {}
